"rel","target","history","time","source"
"app/src/main/AndroidManifest.xml","D:\Study\MOPR\app\src\main\AndroidManifest.xml","C:\Users\ADMIN\AppData\Roaming\Code\User\History\b3bd69\GXmr.xml","2026-04-09 03:40:03","Chat Edit: 'Phạm vi người được chat:
tenant trong room đều chat được, sẽ có chat riêng user và chat cả phòng, cả căn nhà.
Kiểu tin nhắn:
Chỉ cần text trước thôi
SLA thông báo:
push notification hệ thống (FCM) luôn nhé
Chính sách lưu trữ:
Tin nhắn giữ vĩnh viễn. đó sẽ là những câu trả lời của tôi, bạn nghiên cứu và thực hiện thật kĩ từng phase từng phase nhé'"
"app/src/main/java/com/example/myapplication/api/NominatimApi.java","D:\Study\MOPR\app\src\main\java\com\example\myapplication\api\NominatimApi.java","C:\Users\ADMIN\AppData\Roaming\Code\User\History\65bead1c\Hyu4.java","2026-03-17 22:09:35","Chat Edit: 'tiếp tục đi'"
"app/src/main/java/com/example/myapplication/api/RetrofitClient.java","D:\Study\MOPR\app\src\main\java\com\example\myapplication\api\RetrofitClient.java","C:\Users\ADMIN\AppData\Roaming\Code\User\History\-56124950\vpNs.java","2026-03-17 22:59:16",
"app/src/main/java/com/example/myapplication/core/constants/InvoiceStatus.java","D:\Study\MOPR\app\src\main\java\com\example\myapplication\core\constants\InvoiceStatus.java","C:\Users\ADMIN\AppData\Roaming\Code\User\History\53fd9d54\I9Kp.java","2026-04-10 02:54:30","Chat Edit: 'hiện tại ứng dụng của tôi có mấy loại hoá đơn, bạn có hiểu flow tôi đã chỉnh sửa cho trang hoá đơn này chưa, xoá giúp tôi cái đóng một phần đi'"
"app/src/main/java/com/example/myapplication/core/constants/RoomStatus.java","D:\Study\MOPR\app\src\main\java\com\example\myapplication\core\constants\RoomStatus.java","C:\Users\ADMIN\AppData\Roaming\Code\User\History\739a3980\S5mo.java","2026-04-04 07:01:44",
"app/src/main/java/com/example/myapplication/core/constants/TicketStatus.java","D:\Study\MOPR\app\src\main\java\com\example\myapplication\core\constants\TicketStatus.java","C:\Users\ADMIN\AppData\Roaming\Code\User\History\7f74fb6f\jKBt.java","2026-04-04 07:01:44",
"app/src/main/java/com/example/myapplication/core/constants/WaterCalculationMode.java","D:\Study\MOPR\app\src\main\java\com\example\myapplication\core\constants\WaterCalculationMode.java","C:\Users\ADMIN\AppData\Roaming\Code\User\History\26b68f8\mfsk.java","2026-04-04 09:16:27","Chat Edit: 'được tiếp tục làm kĩ đi'"
"app/src/main/java/com/example/myapplication/core/MyApplication.java","D:\Study\MOPR\app\src\main\java\com\example\myapplication\core\MyApplication.java","C:\Users\ADMIN\AppData\Roaming\Code\User\History\-364a4b11\wQ05.java","2026-04-09 03:40:14","Chat Edit: 'Phạm vi người được chat:
tenant trong room đều chat được, sẽ có chat riêng user và chat cả phòng, cả căn nhà.
Kiểu tin nhắn:
Chỉ cần text trước thôi
SLA thông báo:
push notification hệ thống (FCM) luôn nhé
Chính sách lưu trữ:
Tin nhắn giữ vĩnh viễn. đó sẽ là những câu trả lời của tôi, bạn nghiên cứu và thực hiện thật kĩ từng phase từng phase nhé'"
"app/src/main/java/com/example/myapplication/core/repository/AuditLogRepository.java","D:\Study\MOPR\app\src\main\java\com\example\myapplication\core\repository\AuditLogRepository.java","C:\Users\ADMIN\AppData\Roaming\Code\User\History\2065fabb\tf8M.java","2026-03-27 22:42:36","Chat Edit: 'tiếp tục refactor cho clean code hết đi'"
"app/src/main/java/com/example/myapplication/core/repository/domain/ContractMemberRepository.java","D:\Study\MOPR\app\src\main\java\com\example\myapplication\core\repository\domain\ContractMemberRepository.java","C:\Users\ADMIN\AppData\Roaming\Code\User\History\-6d184a4f\4gK2.java","2026-04-07 02:41:07","Chat Edit: 'được, làm tất cả đi'"
"app/src/main/java/com/example/myapplication/core/repository/domain/ExpenseRepository.java","D:\Study\MOPR\app\src\main\java\com\example\myapplication\core\repository\domain\ExpenseRepository.java","C:\Users\ADMIN\AppData\Roaming\Code\User\History\-3dc50ca9\OM3r.java","2026-04-08 05:59:04","Chat Edit: 'được làm đi'"
"app/src/main/java/com/example/myapplication/core/repository/domain/HouseRepository.java","D:\Study\MOPR\app\src\main\java\com\example\myapplication\core\repository\domain\HouseRepository.java","C:\Users\ADMIN\AppData\Roaming\Code\User\History\-784de631\wMRj.java","2026-04-08 06:21:08","Chat Edit: 'chỉnh lại giúp tôi cái ô nhập tiền ở thêm phí khác này sao cho thêm dấu . khi lên hàng nghìn cho giống các ô nhập khác đi, nhớ làm cho đồng bộ chỗ đó, đảo lại giúp tôi ô tiền đó sẽ nằm ở trước ô chọn phân loại tính theo gì. tất cả các ô nhập liệu ở trên cũng nên học hỏi theo cách nhập của ô thêm phí khác này đi, tức tôi muốn là ô điện sẽ là nhập số tiền ở trước xong cuối là dấu / rồi sau đó là menu chọn giá trị để phân loại như thế nhưng riêng ô điện thì giá trị phân loại chỉ có kwh người phòng thôi chứ không được có những giá trị khác không liên quan, tương tự với ô nước cũng vậy, các ô khác ở dưới cũng vậy bạn hiểu ý tôi chứ'"
"app/src/main/java/com/example/myapplication/core/repository/domain/InvoiceRepository.java","D:\Study\MOPR\app\src\main\java\com\example\myapplication\core\repository\domain\InvoiceRepository.java","C:\Users\ADMIN\AppData\Roaming\Code\User\History\-cac2c1e\Xjis.java","2026-04-10 06:00:30","Chat Edit: 'làm kĩ giúp tôi phần đó được không'"
"app/src/main/java/com/example/myapplication/core/repository/domain/PaymentRepository.java","D:\Study\MOPR\app\src\main\java\com\example\myapplication\core\repository\domain\PaymentRepository.java","C:\Users\ADMIN\AppData\Roaming\Code\User\History\-4aa6c817\eqzv.java","2026-04-08 06:01:54","Chat Edit: 'được làm đi'"
"app/src/main/java/com/example/myapplication/core/repository/domain/RentalHistoryRepository.java","D:\Study\MOPR\app\src\main\java\com\example\myapplication\core\repository\domain\RentalHistoryRepository.java","C:\Users\ADMIN\AppData\Roaming\Code\User\History\6312031f\8xuK.java","2026-04-04 07:01:44",
"app/src/main/java/com/example/myapplication/core/repository/domain/RoomRepository.java","D:\Study\MOPR\app\src\main\java\com\example\myapplication\core\repository\domain\RoomRepository.java","C:\Users\ADMIN\AppData\Roaming\Code\User\History\-53b5b7fe\e02K.java","2026-04-08 05:58:55","Chat Edit: 'được làm đi'"
"app/src/main/java/com/example/myapplication/core/repository/domain/TenantRepository.java","D:\Study\MOPR\app\src\main\java\com\example\myapplication\core\repository\domain\TenantRepository.java","C:\Users\ADMIN\AppData\Roaming\Code\User\History\-335c416d\dsYY.java","2026-04-08 06:43:47","Chat Edit: 'ở trang tạo hợp đồng kiểm tra kĩ dữ liệu ở căn nhà để mà chỉnh sửa thông tin về chỉ số điện ban đầu và chỉ số nước ban đầu theo những cài đặt khi nãy vừa làm xong'"
"app/src/main/java/com/example/myapplication/core/service/ImageUploadService.java","D:\Study\MOPR\app\src\main\java\com\example\myapplication\core\service\ImageUploadService.java","C:\Users\ADMIN\AppData\Roaming\Code\User\History\-395e7486\x7aa.java","2026-04-10 17:48:50","Chat Edit: 'được làm đi'"
"app/src/main/java/com/example/myapplication/core/service/InvoiceReminderWorker.java","D:\Study\MOPR\app\src\main\java\com\example\myapplication\core\service\InvoiceReminderWorker.java","C:\Users\ADMIN\AppData\Roaming\Code\User\History\-6ec448f0\tm95.java","2026-04-10 02:55:28","Chat Edit: 'hiện tại ứng dụng của tôi có mấy loại hoá đơn, bạn có hiểu flow tôi đã chỉnh sửa cho trang hoá đơn này chưa, xoá giúp tôi cái đóng một phần đi'"
"app/src/main/java/com/example/myapplication/core/session/InviteRepository.java","D:\Study\MOPR\app\src\main\java\com\example\myapplication\core\session\InviteRepository.java","C:\Users\ADMIN\AppData\Roaming\Code\User\History\-341ae1bf\YBfG.java","2026-04-08 02:50:38","Chat Edit: 'được, fix tất cả giúp tôi đi'"
"app/src/main/java/com/example/myapplication/core/session/TenantRepository.java","D:\Study\MOPR\app\src\main\java\com\example\myapplication\core\session\TenantRepository.java","C:\Users\ADMIN\AppData\Roaming\Code\User\History\-c8a3180\GVGf.java","2026-04-04 09:29:14",
"app/src/main/java/com/example/myapplication/core/util/AuthProviderUtil.java","D:\Study\MOPR\app\src\main\java\com\example\myapplication\core\util\AuthProviderUtil.java","C:\Users\ADMIN\AppData\Roaming\Code\User\History\-28b8e995\oHw2.java","2026-04-08 03:12:03","Chat Edit: 'được, làm tốt tất cả đi'"
"app/src/main/java/com/example/myapplication/core/util/FinancePeriodUtil.java","D:\Study\MOPR\app\src\main\java\com\example\myapplication\core\util\FinancePeriodUtil.java","C:\Users\ADMIN\AppData\Roaming\Code\User\History\-4b39ee43\Vqal.java","2026-03-28 05:10:52","Chat Edit: 'cứ thực hiện từ từ cho nó hoàn thiện cái bộ khung trước rồi từ từ phát triển lên, bộ khung phải đồng bộ với nhau'"
"app/src/main/java/com/example/myapplication/core/util/LanguageManager.java","D:\Study\MOPR\app\src\main\java\com\example\myapplication\core\util\LanguageManager.java","C:\Users\ADMIN\AppData\Roaming\Code\User\History\-4064211b\2yDY.java","2026-04-04 13:27:07",
"app/src/main/java/com/example/myapplication/core/util/LanguageSwitcherHelper.java","D:\Study\MOPR\app\src\main\java\com\example\myapplication\core\util\LanguageSwitcherHelper.java","C:\Users\ADMIN\AppData\Roaming\Code\User\History\-3a8346a1\Q8oj.java","2026-04-06 21:19:09","Chat Edit: 'kiểm tra kĩ lại logic của nút chuyển đổi ngôn ngữ vì khi tôi nhấn thì nút đó có lúc bị loạn nhảy ngôn ngữ lung tung không đúng với trạng thái hiện tại của nút đó và cho trong nút đó từ trang home vào trang trượt nằm phía trên chỗ khoảng trống chữ quản lý nhà trọ một cách tinh tế nha, kiểm tra kĩ và đổi hết chữ ""quản lí"" thành ""quản lý"" giúp tôi nhé, với dòng chữ ""Quản lý nhà trọ"" ở trang home và trang trượt thành ""QUẢN LÝ NHÀ TRỌ"" với font chữ hiện đại và đẹp hơn nhé'"
"app/src/main/java/com/example/myapplication/core/util/MoneyFormatter.java","D:\Study\MOPR\app\src\main\java\com\example\myapplication\core\util\MoneyFormatter.java","C:\Users\ADMIN\AppData\Roaming\Code\User\History\-55c50344\dItX.java","2026-04-04 09:29:14",
"app/src/main/java/com/example/myapplication/core/util/ScreenUiHelper.java","D:\Study\MOPR\app\src\main\java\com\example\myapplication\core\util\ScreenUiHelper.java","C:\Users\ADMIN\AppData\Roaming\Code\User\History\596fa338\xUiw.java","2026-04-04 04:03:59","Chat Edit: 'được, không chỉ header không thôi, mà bạn rà soát giúp tôi thêm thử toàn bộ những cái nào dùng chung được thì làm giúp tôi luôn nhé'"
"app/src/main/java/com/example/myapplication/core/widget/InvoiceWidgetProvider.java","D:\Study\MOPR\app\src\main\java\com\example\myapplication\core\widget\InvoiceWidgetProvider.java","C:\Users\ADMIN\AppData\Roaming\Code\User\History\-680626ea\kB1l.java","2026-04-10 02:55:06","Chat Edit: 'hiện tại ứng dụng của tôi có mấy loại hoá đơn, bạn có hiểu flow tôi đã chỉnh sửa cho trang hoá đơn này chưa, xoá giúp tôi cái đóng một phần đi'"
"app/src/main/java/com/example/myapplication/core/widget/MonthYearPickerDialog.java","D:\Study\MOPR\app\src\main\java\com\example\myapplication\core\widget\MonthYearPickerDialog.java","C:\Users\ADMIN\AppData\Roaming\Code\User\History\36d999a5\sorw.java","2026-04-04 09:29:14",
"app/src/main/java/com/example/myapplication/domain/ContractMember.java","D:\Study\MOPR\app\src\main\java\com\example\myapplication\domain\ContractMember.java","C:\Users\ADMIN\AppData\Roaming\Code\User\History\-772644da\4JxI.java","2026-04-07 02:41:06","Chat Edit: 'được, làm tất cả đi'"
"app/src/main/java/com/example/myapplication/domain/House.java","D:\Study\MOPR\app\src\main\java\com\example\myapplication\domain\House.java","C:\Users\ADMIN\AppData\Roaming\Code\User\History\-2fa988b2\639C.java","2026-04-10 06:00:44","Chat Edit: 'làm kĩ giúp tôi phần đó được không'"
"app/src/main/java/com/example/myapplication/domain/Invoice.java","D:\Study\MOPR\app\src\main\java\com\example\myapplication\domain\Invoice.java","C:\Users\ADMIN\AppData\Roaming\Code\User\History\-4d92d41f\5xIL.java","2026-04-09 03:09:54","Chat Edit: 'được làm đi'"
"app/src/main/java/com/example/myapplication/domain/RentalHistory.java","D:\Study\MOPR\app\src\main\java\com\example\myapplication\domain\RentalHistory.java","C:\Users\ADMIN\AppData\Roaming\Code\User\History\391edf9e\slkM.java","2026-04-10 18:26:12","Chat Edit: 'hiện tại với luồng dữ liệu test tôi tạo là căn với tiền điện là 3500 / kwh, nước 100000/ người, internet 100000/ phòng, sau đó tôi check dữ liệu trên firestore đã có internetPrice và internetUnit đúng rồi, sau đó tôi tạo hợp đồng và có tick vào ô internet 100000/phòng rồi nhưng tạo hợp đồng xong tôi check lại trên firestore thì dữ liệu của contracts như thế này address
""""
(string)


billingReminderAt
""start_month""
(string)


billingStartPeriod
""03/2026""
(string)


billingStartPolicy
""current_month""
(string)


contractDurationMonths
6
(int64)


contractEndDate
""12/09/2026""
(string)


contractEndTimestamp
0
(int64)


contractNumber
""10042026181558""
(string)


contractRepresentative
false
(boolean)


contractStatus
""ACTIVE""
(string)


createdAt
1775819790543
(int64)


depositAmount
4500000
(int64)


depositCollectionStatus
false
(boolean)


electricStartReading
5715
(int64)


endedAt
null
(null)


fullName
""Long""
(string)


fullyDocumented
false
(boolean)


id
null
(null)


legacyDepositAmount
4500000
(double)


memberCount
2
(int64)


note
""""
(string)


personalId
""054204112233""
(string)


personalIdBackUrl
null
(null)


personalIdFrontUrl
null
(null)


phoneNumber
""0987654321""
(string)


previousRoomId
null
(null)


primaryContact
false
(boolean)


remindOneMonthBefore
true
(boolean)


rentAmount
4500000
(int64)


rentalStartDate
""12/03/2026""
(string)


representativeId
null
(null)


representativeName
null
(null)


roomId
""nXN2BkZRkjgnTKd09kKq""
(string)


roomNumber
""102""
(string)


roomPrice
4500000
(double)



selectedExtraFeeNames
(array)


showDepositOnInvoice
true
(boolean)


showNoteOnInvoice
false
(boolean)


temporaryResident
false
(boolean)


updatedAt
1775819790543
(int64)


vehicleCount
0
(int64)


waterStartReading
0'"
"app/src/main/java/com/example/myapplication/domain/Room.java","D:\Study\MOPR\app\src\main\java\com\example\myapplication\domain\Room.java","C:\Users\ADMIN\AppData\Roaming\Code\User\History\-79298f89\YfeX.java","2026-04-04 21:36:09","Chat Edit: 'hiện tại app tôi còn lỗi không'"
"app/src/main/java/com/example/myapplication/domain/Tenant.java","D:\Study\MOPR\app\src\main\java\com\example\myapplication\domain\Tenant.java","C:\Users\ADMIN\AppData\Roaming\Code\User\History\-61202e78\gq0A.java","2026-04-10 18:26:56","Chat Edit: 'hiện tại với luồng dữ liệu test tôi tạo là căn với tiền điện là 3500 / kwh, nước 100000/ người, internet 100000/ phòng, sau đó tôi check dữ liệu trên firestore đã có internetPrice và internetUnit đúng rồi, sau đó tôi tạo hợp đồng và có tick vào ô internet 100000/phòng rồi nhưng tạo hợp đồng xong tôi check lại trên firestore thì dữ liệu của contracts như thế này address
""""
(string)


billingReminderAt
""start_month""
(string)


billingStartPeriod
""03/2026""
(string)


billingStartPolicy
""current_month""
(string)


contractDurationMonths
6
(int64)


contractEndDate
""12/09/2026""
(string)


contractEndTimestamp
0
(int64)


contractNumber
""10042026181558""
(string)


contractRepresentative
false
(boolean)


contractStatus
""ACTIVE""
(string)


createdAt
1775819790543
(int64)


depositAmount
4500000
(int64)


depositCollectionStatus
false
(boolean)


electricStartReading
5715
(int64)


endedAt
null
(null)


fullName
""Long""
(string)


fullyDocumented
false
(boolean)


id
null
(null)


legacyDepositAmount
4500000
(double)


memberCount
2
(int64)


note
""""
(string)


personalId
""054204112233""
(string)


personalIdBackUrl
null
(null)


personalIdFrontUrl
null
(null)


phoneNumber
""0987654321""
(string)


previousRoomId
null
(null)


primaryContact
false
(boolean)


remindOneMonthBefore
true
(boolean)


rentAmount
4500000
(int64)


rentalStartDate
""12/03/2026""
(string)


representativeId
null
(null)


representativeName
null
(null)


roomId
""nXN2BkZRkjgnTKd09kKq""
(string)


roomNumber
""102""
(string)


roomPrice
4500000
(double)



selectedExtraFeeNames
(array)


showDepositOnInvoice
true
(boolean)


showNoteOnInvoice
false
(boolean)


temporaryResident
false
(boolean)


updatedAt
1775819790543
(int64)


vehicleCount
0
(int64)


waterStartReading
0'"
"app/src/main/java/com/example/myapplication/features/auth/JoinRoomActivity.java","D:\Study\MOPR\app\src\main\java\com\example\myapplication\features\auth\JoinRoomActivity.java","C:\Users\ADMIN\AppData\Roaming\Code\User\History\-707601a6\vpyX.java","2026-04-08 03:26:29","Chat Edit: 'được, làm cho thật sạch và thật kĩ'"
"app/src/main/java/com/example/myapplication/features/auth/MainActivity.java","D:\Study\MOPR\app\src\main\java\com\example\myapplication\features\auth\MainActivity.java","C:\Users\ADMIN\AppData\Roaming\Code\User\History\-398daaba\y4oz.java","2026-04-08 02:50:42","Chat Edit: 'được, fix tất cả giúp tôi đi'"
"app/src/main/java/com/example/myapplication/features/auth/SignUpActivity.java","D:\Study\MOPR\app\src\main\java\com\example\myapplication\features\auth\SignUpActivity.java","C:\Users\ADMIN\AppData\Roaming\Code\User\History\21f494a7\mLn1.java","2026-04-10 17:48:50","Chat Edit: 'được làm đi'"
"app/src/main/java/com/example/myapplication/features/chat/ChatConversationAdapter.java","D:\Study\MOPR\app\src\main\java\com\example\myapplication\features\chat\ChatConversationAdapter.java","C:\Users\ADMIN\AppData\Roaming\Code\User\History\-6f6d652\BLgA.java","2026-04-09 04:06:12","Chat Edit: 'được, bạn làm hết tất cả đi, nhưng nhớ là tôi chỉ đang muốn mọi thứ miễn phí thôi á'"
"app/src/main/java/com/example/myapplication/features/chat/ChatHubActivity.java","D:\Study\MOPR\app\src\main\java\com\example\myapplication\features\chat\ChatHubActivity.java","C:\Users\ADMIN\AppData\Roaming\Code\User\History\-1c59f72a\GiDF.java","2026-04-09 04:08:38","Chat Edit: 'được, bạn làm hết tất cả đi, nhưng nhớ là tôi chỉ đang muốn mọi thứ miễn phí thôi á'"
"app/src/main/java/com/example/myapplication/features/chat/ChatMessageAdapter.java","D:\Study\MOPR\app\src\main\java\com\example\myapplication\features\chat\ChatMessageAdapter.java","C:\Users\ADMIN\AppData\Roaming\Code\User\History\-6a62a362\4VmR.java","2026-04-09 03:41:44","Chat Edit: 'Phạm vi người được chat:
tenant trong room đều chat được, sẽ có chat riêng user và chat cả phòng, cả căn nhà.
Kiểu tin nhắn:
Chỉ cần text trước thôi
SLA thông báo:
push notification hệ thống (FCM) luôn nhé
Chính sách lưu trữ:
Tin nhắn giữ vĩnh viễn. đó sẽ là những câu trả lời của tôi, bạn nghiên cứu và thực hiện thật kĩ từng phase từng phase nhé'"
"app/src/main/java/com/example/myapplication/features/chat/ChatRoomActivity.java","D:\Study\MOPR\app\src\main\java\com\example\myapplication\features\chat\ChatRoomActivity.java","C:\Users\ADMIN\AppData\Roaming\Code\User\History\237afb9c\X8Ta.java","2026-04-09 04:08:43","Chat Edit: 'được, bạn làm hết tất cả đi, nhưng nhớ là tôi chỉ đang muốn mọi thứ miễn phí thôi á'"
"app/src/main/java/com/example/myapplication/features/chat/model/ChatConversation.java","D:\Study\MOPR\app\src\main\java\com\example\myapplication\features\chat\model\ChatConversation.java","C:\Users\ADMIN\AppData\Roaming\Code\User\History\-7544c123\ryyy.java","2026-04-09 04:05:49","Chat Edit: 'được, bạn làm hết tất cả đi, nhưng nhớ là tôi chỉ đang muốn mọi thứ miễn phí thôi á'"
"app/src/main/java/com/example/myapplication/features/chat/model/ChatMessage.java","D:\Study\MOPR\app\src\main\java\com\example\myapplication\features\chat\model\ChatMessage.java","C:\Users\ADMIN\AppData\Roaming\Code\User\History\132fd379\Xx9R.java","2026-04-09 03:41:20","Chat Edit: 'Phạm vi người được chat:
tenant trong room đều chat được, sẽ có chat riêng user và chat cả phòng, cả căn nhà.
Kiểu tin nhắn:
Chỉ cần text trước thôi
SLA thông báo:
push notification hệ thống (FCM) luôn nhé
Chính sách lưu trữ:
Tin nhắn giữ vĩnh viễn. đó sẽ là những câu trả lời của tôi, bạn nghiên cứu và thực hiện thật kĩ từng phase từng phase nhé'"
"app/src/main/java/com/example/myapplication/features/contract/ContractActivity.java","D:\Study\MOPR\app\src\main\java\com\example\myapplication\features\contract\ContractActivity.java","C:\Users\ADMIN\AppData\Roaming\Code\User\History\-2c0f09\kI6i.java","2026-04-10 05:32:57","Chat Edit: 'check kĩ lại toàn bộ trong mấy cái check box hay gì gì đó, khi tick vào thì chỉ có là UI không mà không có logic dữ liệu hợp lí đi'"
"app/src/main/java/com/example/myapplication/features/contract/ContractDateHelper.java","D:\Study\MOPR\app\src\main\java\com\example\myapplication\features\contract\ContractDateHelper.java","C:\Users\ADMIN\AppData\Roaming\Code\User\History\12a921aa\OLJr.java","2026-04-09 03:19:23","Chat Edit: 'kiểm tra xem hiện tại trong trang tạo sửa hợp đồng, dòng ngày tạo hợp đồng có cái ô nhập ngày tháng năm đã được fill sẵn nhưng khi tôi click vào thì chỉ chỉnh sửa được tháng năm thôi chứ không có ngày, với cái modal chỉnh sửa cũng đang nhìn rất tệ về UI, bạn có thể cải thiện nó hơn không'"
"app/src/main/java/com/example/myapplication/features/contract/ContractDetailsActivity.java","D:\Study\MOPR\app\src\main\java\com\example\myapplication\features\contract\ContractDetailsActivity.java","C:\Users\ADMIN\AppData\Roaming\Code\User\History\-23bf4197\4oc2.java","2026-04-04 09:29:14",
"app/src/main/java/com/example/myapplication/features/contract/ContractFormDataHelper.java","D:\Study\MOPR\app\src\main\java\com\example\myapplication\features\contract\ContractFormDataHelper.java","C:\Users\ADMIN\AppData\Roaming\Code\User\History\2540bbca\Op77.java","2026-04-09 05:14:27","Chat Edit: 'được, chốt làm vậy đi'"
"app/src/main/java/com/example/myapplication/features/contract/ContractHtmlBuilder.java","D:\Study\MOPR\app\src\main\java\com\example\myapplication\features\contract\ContractHtmlBuilder.java","C:\Users\ADMIN\AppData\Roaming\Code\User\History\17f0f8ca\0K29.java","2026-04-09 06:07:32","Chat Edit: 'tôi vẫn chưa thấy đủ các chi phí khác trong bản in hợp đồng nhỉ, chỉ mới thấy thông tin về điện nước thôi, bạn update chỗ này thêm nha, với hiện tại trong trang hoá đơn thì card hoá đơn vẫn chưa được đúng với flow hiện tại đấy, chỉ số điện cũ đang chưa thấy mặc dù đã làm trong hợp đồng rồi, vẫn hiện nhập chỉ số nước trong khi trong hoá đơn tính nước theo người rồi, tôi nghĩ sẽ có 1 cuộc refactor lại card hoá đơn này đấy'"
"app/src/main/java/com/example/myapplication/features/contract/ContractIntentKeys.java","D:\Study\MOPR\app\src\main\java\com\example\myapplication\features\contract\ContractIntentKeys.java","C:\Users\ADMIN\AppData\Roaming\Code\User\History\46a7d876\7PVt.java","2026-04-08 06:43:38","Chat Edit: 'ở trang tạo hợp đồng kiểm tra kĩ dữ liệu ở căn nhà để mà chỉnh sửa thông tin về chỉ số điện ban đầu và chỉ số nước ban đầu theo những cài đặt khi nãy vừa làm xong'"
"app/src/main/java/com/example/myapplication/features/contract/ContractListActivity.java","D:\Study\MOPR\app\src\main\java\com\example\myapplication\features\contract\ContractListActivity.java","C:\Users\ADMIN\AppData\Roaming\Code\User\History\-5b92ba07\2jWx.java","2026-04-10 17:48:50","Chat Edit: 'được làm đi'"
"app/src/main/java/com/example/myapplication/features/contract/ContractListAdapter.java","D:\Study\MOPR\app\src\main\java\com\example\myapplication\features\contract\ContractListAdapter.java","C:\Users\ADMIN\AppData\Roaming\Code\User\History\-3cf2b5f7\D5pM.java","2026-04-10 03:06:27","Chat Edit: 'tôi nghĩ là nên bỏ logic cập nhật hợp đồng, tức là sửa hợp đồng đi, vì khi tạo hợp đồng rồi thì chỉnh sửa thì nó hơi kì nhỉ'"
"app/src/main/java/com/example/myapplication/features/contract/ContractListItemUiHelper.java","D:\Study\MOPR\app\src\main\java\com\example\myapplication\features\contract\ContractListItemUiHelper.java","C:\Users\ADMIN\AppData\Roaming\Code\User\History\-65ab6cd\Ml3n.java","2026-04-04 09:29:14",
"app/src/main/java/com/example/myapplication/features/contract/ContractPdfPreviewActivity.java","D:\Study\MOPR\app\src\main\java\com\example\myapplication\features\contract\ContractPdfPreviewActivity.java","C:\Users\ADMIN\AppData\Roaming\Code\User\History\-2ccb195f\buxD.java","2026-04-04 08:25:34","Chat Edit: 'được, tiếp tục làm và nhớ là update trong docs nha'"
"app/src/main/java/com/example/myapplication/features/finance/ExpenseActivity.java","D:\Study\MOPR\app\src\main\java\com\example\myapplication\features\finance\ExpenseActivity.java","C:\Users\ADMIN\AppData\Roaming\Code\User\History\-d2cc6bd\eLgL.java","2026-04-10 17:48:50","Chat Edit: 'được làm đi'"
"app/src/main/java/com/example/myapplication/features/finance/ExpenseAdapter.java","D:\Study\MOPR\app\src\main\java\com\example\myapplication\features\finance\ExpenseAdapter.java","C:\Users\ADMIN\AppData\Roaming\Code\User\History\-32293a81\Zldm.java","2026-04-04 09:29:14",
"app/src/main/java/com/example/myapplication/features/finance/RevenueActivity.java","D:\Study\MOPR\app\src\main\java\com\example\myapplication\features\finance\RevenueActivity.java","C:\Users\ADMIN\AppData\Roaming\Code\User\History\-3e780401\bMZP.java","2026-04-10 02:55:11","Chat Edit: 'hiện tại ứng dụng của tôi có mấy loại hoá đơn, bạn có hiểu flow tôi đã chỉnh sửa cho trang hoá đơn này chưa, xoá giúp tôi cái đóng một phần đi'"
"app/src/main/java/com/example/myapplication/features/history/RentalHistoryActivity.java","D:\Study\MOPR\app\src\main\java\com\example\myapplication\features\history\RentalHistoryActivity.java","C:\Users\ADMIN\AppData\Roaming\Code\User\History\32282151\KfpD.java","2026-04-04 09:29:14",
"app/src/main/java/com/example/myapplication/features/history/RentalHistoryAdapter.java","D:\Study\MOPR\app\src\main\java\com\example\myapplication\features\history\RentalHistoryAdapter.java","C:\Users\ADMIN\AppData\Roaming\Code\User\History\-40a25c4f\kU7q.java","2026-04-04 09:29:14",
"app/src/main/java/com/example/myapplication/features/home/GridAdapter.java","D:\Study\MOPR\app\src\main\java\com\example\myapplication\features\home\GridAdapter.java","C:\Users\ADMIN\AppData\Roaming\Code\User\History\4fc094d2\gA8J.java","2026-03-27 23:00:01",
"app/src/main/java/com/example/myapplication/features/home/HomeMenuActivity.java","D:\Study\MOPR\app\src\main\java\com\example\myapplication\features\home\HomeMenuActivity.java","C:\Users\ADMIN\AppData\Roaming\Code\User\History\471f4d38\fe3M.java","2026-04-09 04:36:47","Chat Edit: 'cho font chữ tổng thể của 2 dòng chữ tôi mới kêu bạn sửa đó to lên xíu, hiện tại tôi thấy card to mà chữ hơi nhỏ thành ra bị trống nhiều'"
"app/src/main/java/com/example/myapplication/features/home/TenantMenuActivity.java","D:\Study\MOPR\app\src\main\java\com\example\myapplication\features\home\TenantMenuActivity.java","C:\Users\ADMIN\AppData\Roaming\Code\User\History\3576e78d\yEBk.java","2026-04-09 04:02:41","Chat Edit: 'được làm đi'"
"app/src/main/java/com/example/myapplication/features/home/TenantRoomDetailActivity.java","D:\Study\MOPR\app\src\main\java\com\example\myapplication\features\home\TenantRoomDetailActivity.java","C:\Users\ADMIN\AppData\Roaming\Code\User\History\5c5a34c0\JfkI.java","2026-04-08 03:29:24","Chat Edit: 'được, làm cho thật sạch và thật kĩ'"
"app/src/main/java/com/example/myapplication/features/invoice/InvoiceActivity.java","D:\Study\MOPR\app\src\main\java\com\example\myapplication\features\invoice\InvoiceActivity.java","C:\Users\ADMIN\AppData\Roaming\Code\User\History\-6c5fd0e5\kOn5.java","2026-04-10 19:18:06","Chat Edit: 'mấy cái dòng chữ phương thức số tiền để làm gì vậy, bỏ 4 dòng chữ đó đi, với nếu nhập trong ghi chú rồi thì ở card hoá đơn bên ngoài nên để thêm dòng ghi chú như cũ đi, còn không có khi chú thì ẩn như hiện tại, bạn hiểu ý tôi không'"
"app/src/main/java/com/example/myapplication/features/invoice/InvoiceAdapter.java","D:\Study\MOPR\app\src\main\java\com\example\myapplication\features\invoice\InvoiceAdapter.java","C:\Users\ADMIN\AppData\Roaming\Code\User\History\5727b4a7\90F4.java","2026-04-10 19:19:04","Chat Edit: '@agent Try Again'"
"app/src/main/java/com/example/myapplication/features/invoice/InvoiceDialogSubmitHelper.java","D:\Study\MOPR\app\src\main\java\com\example\myapplication\features\invoice\InvoiceDialogSubmitHelper.java","C:\Users\ADMIN\AppData\Roaming\Code\User\History\-46288e44\Vjik.java","2026-04-10 17:48:50","Chat Edit: 'được làm đi'"
"app/src/main/java/com/example/myapplication/features/invoice/InvoiceDialogUiHelper.java","D:\Study\MOPR\app\src\main\java\com\example\myapplication\features\invoice\InvoiceDialogUiHelper.java","C:\Users\ADMIN\AppData\Roaming\Code\User\History\2dea16c0\yrKk.java","2026-04-10 17:48:50","Chat Edit: 'được làm đi'"
"app/src/main/java/com/example/myapplication/features/invoice/InvoiceExportDialogHelper.java","D:\Study\MOPR\app\src\main\java\com\example\myapplication\features\invoice\InvoiceExportDialogHelper.java","C:\Users\ADMIN\AppData\Roaming\Code\User\History\68aba5a0\0WGi.java","2026-04-10 19:37:24","Chat Edit: 'hiện tại trong trang hoá đơn chi tiết tôi thấy phí wifi vẫn chưa hiển thị unit đó, à với đổi tên phí wifi lại thành phí internet giúp tôi toàn chỗ những chỗ đang có trong trang hoá đơn nhé, kiểm tra xem thêm ngoài phí internet ra thì các phí khác nếu được thêm vào thì đã có unit chưa, trong hoá đơn chi tiết bỏ giúp tôi nút chụp màn hình và logic của nó luôn cho nhẹ nhé'"
"app/src/main/java/com/example/myapplication/features/invoice/InvoiceFeeNotificationHelper.java","D:\Study\MOPR\app\src\main\java\com\example\myapplication\features\invoice\InvoiceFeeNotificationHelper.java","C:\Users\ADMIN\AppData\Roaming\Code\User\History\c829cd7\etL5.java","2026-04-10 17:48:50","Chat Edit: 'được làm đi'"
"app/src/main/java/com/example/myapplication/features/invoice/InvoiceFilterCoordinator.java","D:\Study\MOPR\app\src\main\java\com\example\myapplication\features\invoice\InvoiceFilterCoordinator.java","C:\Users\ADMIN\AppData\Roaming\Code\User\History\fcc217e\GyT9.java","2026-04-10 02:54:47","Chat Edit: 'hiện tại ứng dụng của tôi có mấy loại hoá đơn, bạn có hiểu flow tôi đã chỉnh sửa cho trang hoá đơn này chưa, xoá giúp tôi cái đóng một phần đi'"
"app/src/main/java/com/example/myapplication/features/invoice/InvoiceFilterDialogHelper.java","D:\Study\MOPR\app\src\main\java\com\example\myapplication\features\invoice\InvoiceFilterDialogHelper.java","C:\Users\ADMIN\AppData\Roaming\Code\User\History\2a01ee5c\6hXs.java","2026-04-10 17:48:50","Chat Edit: 'được làm đi'"
"app/src/main/java/com/example/myapplication/features/invoice/InvoiceFormValueHelper.java","D:\Study\MOPR\app\src\main\java\com\example\myapplication\features\invoice\InvoiceFormValueHelper.java","C:\Users\ADMIN\AppData\Roaming\Code\User\History\1f82445b\bYxA.java","2026-04-09 03:05:05","Chat Edit: 'được, bạn cứ nghiên cứu kĩ và làm giúp tôi phần này nhé '"
"app/src/main/java/com/example/myapplication/features/invoice/InvoiceMeterHelper.java","D:\Study\MOPR\app\src\main\java\com\example\myapplication\features\invoice\InvoiceMeterHelper.java","C:\Users\ADMIN\AppData\Roaming\Code\User\History\-651e4aa1\TvFW.java","2026-04-04 03:36:03","Chat Edit: 'được, cứ làm tiếp đi'"
"app/src/main/java/com/example/myapplication/features/invoice/InvoicePaymentFlowHelper.java","D:\Study\MOPR\app\src\main\java\com\example\myapplication\features\invoice\InvoicePaymentFlowHelper.java","C:\Users\ADMIN\AppData\Roaming\Code\User\History\-62a87ccc\MdhU.java","2026-04-10 17:48:50","Chat Edit: 'được làm đi'"
"app/src/main/java/com/example/myapplication/features/invoice/InvoicePeriodSuggestionHelper.java","D:\Study\MOPR\app\src\main\java\com\example\myapplication\features\invoice\InvoicePeriodSuggestionHelper.java","C:\Users\ADMIN\AppData\Roaming\Code\User\History\-8871f89\ifQ9.java","2026-04-04 07:01:44",
"app/src/main/java/com/example/myapplication/features/invoice/InvoicePermissionResolver.java","D:\Study\MOPR\app\src\main\java\com\example\myapplication\features\invoice\InvoicePermissionResolver.java","C:\Users\ADMIN\AppData\Roaming\Code\User\History\4c7eea75\GbXj.java","2026-04-04 03:15:43","Chat Edit: 'tiếp tục làm với các đề xuất của bạn đi'"
"app/src/main/java/com/example/myapplication/features/invoice/PaymentAdapter.java","D:\Study\MOPR\app\src\main\java\com\example\myapplication\features\invoice\PaymentAdapter.java","C:\Users\ADMIN\AppData\Roaming\Code\User\History\71092600\mYcX.java","2026-04-10 17:48:50","Chat Edit: 'được làm đi'"
"app/src/main/java/com/example/myapplication/features/invoice/PaymentHistoryActivity.java","D:\Study\MOPR\app\src\main\java\com\example\myapplication\features\invoice\PaymentHistoryActivity.java","C:\Users\ADMIN\AppData\Roaming\Code\User\History\-9db04f4\xfKx.java","2026-04-10 17:48:50","Chat Edit: 'được làm đi'"
"app/src/main/java/com/example/myapplication/features/invoice/TenantPaymentHistoryActivity.java","D:\Study\MOPR\app\src\main\java\com\example\myapplication\features\invoice\TenantPaymentHistoryActivity.java","C:\Users\ADMIN\AppData\Roaming\Code\User\History\444d6142\5zQc.java","2026-04-10 17:48:50","Chat Edit: 'được làm đi'"
"app/src/main/java/com/example/myapplication/features/notification/ChatForegroundState.java","D:\Study\MOPR\app\src\main\java\com\example\myapplication\features\notification\ChatForegroundState.java","C:\Users\ADMIN\AppData\Roaming\Code\User\History\153deaf9\9JMQ.java","2026-04-09 04:05:49","Chat Edit: 'được, bạn làm hết tất cả đi, nhưng nhớ là tôi chỉ đang muốn mọi thứ miễn phí thôi á'"
"app/src/main/java/com/example/myapplication/features/notification/model/NotificationItem.java","D:\Study\MOPR\app\src\main\java\com\example\myapplication\features\notification\model\NotificationItem.java","C:\Users\ADMIN\AppData\Roaming\Code\User\History\-7f3ca7d3\83km.java","2026-04-09 03:41:20","Chat Edit: 'Phạm vi người được chat:
tenant trong room đều chat được, sẽ có chat riêng user và chat cả phòng, cả căn nhà.
Kiểu tin nhắn:
Chỉ cần text trước thôi
SLA thông báo:
push notification hệ thống (FCM) luôn nhé
Chính sách lưu trữ:
Tin nhắn giữ vĩnh viễn. đó sẽ là những câu trả lời của tôi, bạn nghiên cứu và thực hiện thật kĩ từng phase từng phase nhé'"
"app/src/main/java/com/example/myapplication/features/notification/NotificationAdapter.java","D:\Study\MOPR\app\src\main\java\com\example\myapplication\features\notification\NotificationAdapter.java","C:\Users\ADMIN\AppData\Roaming\Code\User\History\-19b61195\KTa4.java","2026-04-09 03:41:44","Chat Edit: 'Phạm vi người được chat:
tenant trong room đều chat được, sẽ có chat riêng user và chat cả phòng, cả căn nhà.
Kiểu tin nhắn:
Chỉ cần text trước thôi
SLA thông báo:
push notification hệ thống (FCM) luôn nhé
Chính sách lưu trữ:
Tin nhắn giữ vĩnh viễn. đó sẽ là những câu trả lời của tôi, bạn nghiên cứu và thực hiện thật kĩ từng phase từng phase nhé'"
"app/src/main/java/com/example/myapplication/features/notification/NotificationCenterActivity.java","D:\Study\MOPR\app\src\main\java\com\example\myapplication\features\notification\NotificationCenterActivity.java","C:\Users\ADMIN\AppData\Roaming\Code\User\History\-77df7cfe\w80x.java","2026-04-09 03:43:07","Chat Edit: 'Phạm vi người được chat:
tenant trong room đều chat được, sẽ có chat riêng user và chat cả phòng, cả căn nhà.
Kiểu tin nhắn:
Chỉ cần text trước thôi
SLA thông báo:
push notification hệ thống (FCM) luôn nhé
Chính sách lưu trữ:
Tin nhắn giữ vĩnh viễn. đó sẽ là những câu trả lời của tôi, bạn nghiên cứu và thực hiện thật kĩ từng phase từng phase nhé'"
"app/src/main/java/com/example/myapplication/features/notification/NotificationDisplayUtil.java","D:\Study\MOPR\app\src\main\java\com\example\myapplication\features\notification\NotificationDisplayUtil.java","C:\Users\ADMIN\AppData\Roaming\Code\User\History\56bcc5f6\QgeF.java","2026-04-09 04:02:13","Chat Edit: 'được làm đi'"
"app/src/main/java/com/example/myapplication/features/notification/NotificationRealtimeObserver.java","D:\Study\MOPR\app\src\main\java\com\example\myapplication\features\notification\NotificationRealtimeObserver.java","C:\Users\ADMIN\AppData\Roaming\Code\User\History\-c711b3b\re6N.java","2026-04-09 04:05:49","Chat Edit: 'được, bạn làm hết tất cả đi, nhưng nhớ là tôi chỉ đang muốn mọi thứ miễn phí thôi á'"
"app/src/main/java/com/example/myapplication/features/notification/push/AppFirebaseMessagingService.java","D:\Study\MOPR\app\src\main\java\com\example\myapplication\features\notification\push\AppFirebaseMessagingService.java","C:\Users\ADMIN\AppData\Roaming\Code\User\History\6dbf32ed\O67r.java","2026-04-09 04:02:50","Chat Edit: 'được làm đi'"
"app/src/main/java/com/example/myapplication/features/org/OrgAdminActivity.java","D:\Study\MOPR\app\src\main\java\com\example\myapplication\features\org\OrgAdminActivity.java","C:\Users\ADMIN\AppData\Roaming\Code\User\History\129993c6\reqN.java","2026-04-04 09:29:14",
"app/src/main/java/com/example/myapplication/features/org/OrgInviteAdapter.java","D:\Study\MOPR\app\src\main\java\com\example\myapplication\features\org\OrgInviteAdapter.java","C:\Users\ADMIN\AppData\Roaming\Code\User\History\300043e\moyH.java","2026-03-27 22:42:36","Chat Edit: 'tôi mới tải thêm extension cho nó rồi á'"
"app/src/main/java/com/example/myapplication/features/org/OrgMemberAdapter.java","D:\Study\MOPR\app\src\main\java\com\example\myapplication\features\org\OrgMemberAdapter.java","C:\Users\ADMIN\AppData\Roaming\Code\User\History\-432971b1\zbIj.java","2026-03-27 22:42:37","Chat Edit: 'tôi mới tải thêm extension cho nó rồi á'"
"app/src/main/java/com/example/myapplication/features/property/house/HouseActivity.java","D:\Study\MOPR\app\src\main\java\com\example\myapplication\features\property\house\HouseActivity.java","C:\Users\ADMIN\AppData\Roaming\Code\User\History\41910a05\Vd85.java","2026-04-10 17:48:50","Chat Edit: 'được làm đi'"
"app/src/main/java/com/example/myapplication/features/property/house/HouseAdapter.java","D:\Study\MOPR\app\src\main\java\com\example\myapplication\features\property\house\HouseAdapter.java","C:\Users\ADMIN\AppData\Roaming\Code\User\History\-48652b83\9FW6.java","2026-04-08 07:38:12","Chat Edit: 'được'"
"app/src/main/java/com/example/myapplication/features/property/room/MeterReadingAdapter.java","D:\Study\MOPR\app\src\main\java\com\example\myapplication\features\property\room\MeterReadingAdapter.java","C:\Users\ADMIN\AppData\Roaming\Code\User\History\-2d12dc7d\RHnT.java","2026-04-10 17:48:50","Chat Edit: 'được làm đi'"
"app/src/main/java/com/example/myapplication/features/property/room/MeterReadingHistoryActivity.java","D:\Study\MOPR\app\src\main\java\com\example\myapplication\features\property\room\MeterReadingHistoryActivity.java","C:\Users\ADMIN\AppData\Roaming\Code\User\History\45c0c58f\zoka.java","2026-04-10 17:48:50","Chat Edit: 'được làm đi'"
"app/src/main/java/com/example/myapplication/features/property/room/RoomActivity.java","D:\Study\MOPR\app\src\main\java\com\example\myapplication\features\property\room\RoomActivity.java","C:\Users\ADMIN\AppData\Roaming\Code\User\History\211151a7\8OCl.java","2026-04-08 20:18:06","Chat Edit: 'ủa sao đang có người đại diện thuê rồi mà vẫn hiển thị 0/2 vậy, kiểm tra kĩ lại logic xem'"
"app/src/main/java/com/example/myapplication/features/property/room/RoomAdapter.java","D:\Study\MOPR\app\src\main\java\com\example\myapplication\features\property\room\RoomAdapter.java","C:\Users\ADMIN\AppData\Roaming\Code\User\History\-7afdef65\KvHb.java","2026-04-10 17:48:50","Chat Edit: 'được làm đi'"
"app/src/main/java/com/example/myapplication/features/property/room/RoomDetailsActivity.java","D:\Study\MOPR\app\src\main\java\com\example\myapplication\features\property\room\RoomDetailsActivity.java","C:\Users\ADMIN\AppData\Roaming\Code\User\History\280637b9\y2E8.java","2026-04-09 02:33:29","Chat Edit: 'được bạn phát triển giúp tôi trang đó nha, nhìn kiểu UI giống trang lịch sử cho thuê là được, bắt đầu làm từ từ cẩn thận và kĩ lưỡng nhé'"
"app/src/main/java/com/example/myapplication/features/property/room/TenantProfileQuickAdapter.java","D:\Study\MOPR\app\src\main\java\com\example\myapplication\features\property\room\TenantProfileQuickAdapter.java","C:\Users\ADMIN\AppData\Roaming\Code\User\History\575cbc8e\KrHW.java","2026-04-09 02:45:44","Chat Edit: 'được làm luôn đi'"
"app/src/main/java/com/example/myapplication/features/settings/BackupRestoreActivity.java","D:\Study\MOPR\app\src\main\java\com\example\myapplication\features\settings\BackupRestoreActivity.java","C:\Users\ADMIN\AppData\Roaming\Code\User\History\62b9669c\Qy8a.java","2026-04-10 17:48:50","Chat Edit: 'được làm đi'"
"app/src/main/java/com/example/myapplication/features/settings/ChangePasswordActivity.java","D:\Study\MOPR\app\src\main\java\com\example\myapplication\features\settings\ChangePasswordActivity.java","C:\Users\ADMIN\AppData\Roaming\Code\User\History\788ef9cf\IFcC.java","2026-04-10 17:48:50","Chat Edit: 'được làm đi'"
"app/src/main/java/com/example/myapplication/features/settings/EditProfileActivity.java","D:\Study\MOPR\app\src\main\java\com\example\myapplication\features\settings\EditProfileActivity.java","C:\Users\ADMIN\AppData\Roaming\Code\User\History\2b60ad69\b9Vz.java","2026-04-10 17:48:50","Chat Edit: 'được làm đi'"
"app/src/main/java/com/example/myapplication/features/settings/ProfileActivity.java","D:\Study\MOPR\app\src\main\java\com\example\myapplication\features\settings\ProfileActivity.java","C:\Users\ADMIN\AppData\Roaming\Code\User\History\1b6fbf\2Ugk.java","2026-04-10 17:48:50","Chat Edit: 'được làm đi'"
"app/src/main/java/com/example/myapplication/features/tenant/TenantActivity.java","D:\Study\MOPR\app\src\main\java\com\example\myapplication\features\tenant\TenantActivity.java","C:\Users\ADMIN\AppData\Roaming\Code\User\History\4b81b337\t8u6.java","2026-04-07 02:21:02","Chat Edit: 'được, tiếp tục đi'"
"app/src/main/java/com/example/myapplication/features/tenant/TenantAdapter.java","D:\Study\MOPR\app\src\main\java\com\example\myapplication\features\tenant\TenantAdapter.java","C:\Users\ADMIN\AppData\Roaming\Code\User\History\-1ec8c2f5\qRAj.java","2026-04-10 17:48:50","Chat Edit: 'được làm đi'"
"app/src/main/java/com/example/myapplication/features/tenant/TenantProfilesActivity.java","D:\Study\MOPR\app\src\main\java\com\example\myapplication\features\tenant\TenantProfilesActivity.java","C:\Users\ADMIN\AppData\Roaming\Code\User\History\-65219293\Gfey.java","2026-04-09 02:46:25","Chat Edit: 'được làm luôn đi'"
"app/src/main/java/com/example/myapplication/features/ticket/TicketActivity.java","D:\Study\MOPR\app\src\main\java\com\example\myapplication\features\ticket\TicketActivity.java","C:\Users\ADMIN\AppData\Roaming\Code\User\History\-a9ae289\Tswn.java","2026-04-10 17:48:50","Chat Edit: 'được làm đi'"
"app/src/main/java/com/example/myapplication/features/ticket/TicketAdapter.java","D:\Study\MOPR\app\src\main\java\com\example\myapplication\features\ticket\TicketAdapter.java","C:\Users\ADMIN\AppData\Roaming\Code\User\History\-6be27535\Z1hX.java","2026-04-10 17:48:50","Chat Edit: 'được làm đi'"
"app/src/main/java/com/example/myapplication/room/AppDatabase.java","D:\Study\MOPR\app\src\main\java\com\example\myapplication\room\AppDatabase.java","C:\Users\ADMIN\AppData\Roaming\Code\User\History\20bcc03b\XBcb.java","2026-03-17 22:59:16",
"app/src/main/java/com/example/myapplication/room/FavoriteRoom.java","D:\Study\MOPR\app\src\main\java\com\example\myapplication\room\FavoriteRoom.java","C:\Users\ADMIN\AppData\Roaming\Code\User\History\-c64682e\57Z6.java","2026-04-04 07:01:44",
"app/src/main/java/com/example/myapplication/room/FavoriteRoomDao.java","D:\Study\MOPR\app\src\main\java\com\example\myapplication\room\FavoriteRoomDao.java","C:\Users\ADMIN\AppData\Roaming\Code\User\History\cbd135c\oeHp.java","2026-04-04 07:01:44",
"app/src/main/java/com/example/myapplication/viewmodel/TenantViewModel.java","D:\Study\MOPR\app\src\main\java\com\example\myapplication\viewmodel\TenantViewModel.java","C:\Users\ADMIN\AppData\Roaming\Code\User\History\-42aca2b2\xUzD.java","2026-04-04 07:01:44",
"app/src/main/res/drawable/baseline_meeting_room_24.xml","D:\Study\MOPR\app\src\main\res\drawable\baseline_meeting_room_24.xml","C:\Users\ADMIN\AppData\Roaming\Code\User\History\7f107315\XgRL.xml","2026-03-27 23:54:39","Chat Edit: 'sửa giúp tôi cái phía trên nó đang bị vỡ layout, với cho cái icon ảnh phòng nhỏ nhỏ sát bên cái số phòng trong list phòng nhìn cho đẹp hơn'"
"app/src/main/res/drawable/bg_auth_method_badge.xml","D:\Study\MOPR\app\src\main\res\drawable\bg_auth_method_badge.xml","C:\Users\ADMIN\AppData\Roaming\Code\User\History\-1cc6a991\8cLK.xml","2026-04-06 22:18:05","Chat Edit: 'được'"
"app/src/main/res/drawable/bg_card_gradient_blue.xml","D:\Study\MOPR\app\src\main\res\drawable\bg_card_gradient_blue.xml","C:\Users\ADMIN\AppData\Roaming\Code\User\History\72608b39\GFQE.xml","2026-03-28 01:59:08","Chat Edit: 'rồi giờ thêm giúp tôi cái nút góp ý đó thành nút liên hệ, góp để người dùng liên hệ với nhà phát triển, bỏ giúp tôi cái nút sao lưu, phục hồi dữ liệu ở ngoài trang home luôn đi vì app sử dụng tài khoản đăng nhập rồi nên dữ liệu sẽ được lưu hết trên tài khoản, giờ chỉ còn lại 4 cái item chính ngoài trang home, giờ bạn thiết kế tiếp sao cho trang home thật sinh động và đẹp với 4 cái item đó nha, phải thật độc đáo lên nhé'"
"app/src/main/res/drawable/bg_card_gradient_green.xml","D:\Study\MOPR\app\src\main\res\drawable\bg_card_gradient_green.xml","C:\Users\ADMIN\AppData\Roaming\Code\User\History\-1cb1394a\GQ6A.xml","2026-03-28 01:59:08","Chat Edit: 'rồi giờ thêm giúp tôi cái nút góp ý đó thành nút liên hệ, góp để người dùng liên hệ với nhà phát triển, bỏ giúp tôi cái nút sao lưu, phục hồi dữ liệu ở ngoài trang home luôn đi vì app sử dụng tài khoản đăng nhập rồi nên dữ liệu sẽ được lưu hết trên tài khoản, giờ chỉ còn lại 4 cái item chính ngoài trang home, giờ bạn thiết kế tiếp sao cho trang home thật sinh động và đẹp với 4 cái item đó nha, phải thật độc đáo lên nhé'"
"app/src/main/res/drawable/bg_card_gradient_pink.xml","D:\Study\MOPR\app\src\main\res\drawable\bg_card_gradient_pink.xml","C:\Users\ADMIN\AppData\Roaming\Code\User\History\7660ee55\SOD7.xml","2026-03-28 01:59:08","Chat Edit: 'rồi giờ thêm giúp tôi cái nút góp ý đó thành nút liên hệ, góp để người dùng liên hệ với nhà phát triển, bỏ giúp tôi cái nút sao lưu, phục hồi dữ liệu ở ngoài trang home luôn đi vì app sử dụng tài khoản đăng nhập rồi nên dữ liệu sẽ được lưu hết trên tài khoản, giờ chỉ còn lại 4 cái item chính ngoài trang home, giờ bạn thiết kế tiếp sao cho trang home thật sinh động và đẹp với 4 cái item đó nha, phải thật độc đáo lên nhé'"
"app/src/main/res/drawable/bg_card_gradient_purple.xml","D:\Study\MOPR\app\src\main\res\drawable\bg_card_gradient_purple.xml","C:\Users\ADMIN\AppData\Roaming\Code\User\History\65bc0c1b\7OT8.xml","2026-03-28 01:59:08","Chat Edit: 'rồi giờ thêm giúp tôi cái nút góp ý đó thành nút liên hệ, góp để người dùng liên hệ với nhà phát triển, bỏ giúp tôi cái nút sao lưu, phục hồi dữ liệu ở ngoài trang home luôn đi vì app sử dụng tài khoản đăng nhập rồi nên dữ liệu sẽ được lưu hết trên tài khoản, giờ chỉ còn lại 4 cái item chính ngoài trang home, giờ bạn thiết kế tiếp sao cho trang home thật sinh động và đẹp với 4 cái item đó nha, phải thật độc đáo lên nhé'"
"app/src/main/res/drawable/bg_card_rounded.xml","D:\Study\MOPR\app\src\main\res\drawable\bg_card_rounded.xml","C:\Users\ADMIN\AppData\Roaming\Code\User\History\-2c8d92e3\YEnm.xml","2026-03-15 21:01:03","Chat Edit: 'bắt đầu hết đi'"
"app/src/main/res/drawable/bg_chat_bubble_me.xml","D:\Study\MOPR\app\src\main\res\drawable\bg_chat_bubble_me.xml","C:\Users\ADMIN\AppData\Roaming\Code\User\History\61c3f223\DpoF.xml","2026-04-09 03:40:35","Chat Edit: 'Phạm vi người được chat:
tenant trong room đều chat được, sẽ có chat riêng user và chat cả phòng, cả căn nhà.
Kiểu tin nhắn:
Chỉ cần text trước thôi
SLA thông báo:
push notification hệ thống (FCM) luôn nhé
Chính sách lưu trữ:
Tin nhắn giữ vĩnh viễn. đó sẽ là những câu trả lời của tôi, bạn nghiên cứu và thực hiện thật kĩ từng phase từng phase nhé'"
"app/src/main/res/drawable/bg_chat_bubble_other.xml","D:\Study\MOPR\app\src\main\res\drawable\bg_chat_bubble_other.xml","C:\Users\ADMIN\AppData\Roaming\Code\User\History\2c12a597\hkwr.xml","2026-04-09 03:40:36","Chat Edit: 'Phạm vi người được chat:
tenant trong room đều chat được, sẽ có chat riêng user và chat cả phòng, cả căn nhà.
Kiểu tin nhắn:
Chỉ cần text trước thôi
SLA thông báo:
push notification hệ thống (FCM) luôn nhé
Chính sách lưu trữ:
Tin nhắn giữ vĩnh viễn. đó sẽ là những câu trả lời của tôi, bạn nghiên cứu và thực hiện thật kĩ từng phase từng phase nhé'"
"app/src/main/res/drawable/bg_drawer_header.xml","D:\Study\MOPR\app\src\main\res\drawable\bg_drawer_header.xml","C:\Users\ADMIN\AppData\Roaming\Code\User\History\-a7b1672\iIeA.xml","2026-03-28 01:59:06","Chat Edit: 'tôi muốn ở trang home, cái icon user ở trên góc phải click vào sẽ mở ra cái trang trượt sang trái như trong ảnh tôi gửi bạn xem, trong cái trang trượt này tôi muốn thiết kế ở trên sẽ là icon và thông tin người dùng (kiểu avatar đã được upload lên, tên tài khoản,... ) và phía dưới có nút sửa thông tin, dưới nút sửa thông tin sẽ là nút đổi mật khẩu, tức là trong trang chỉnh sửa tài khoản hiện tại sẽ không để chung cập nhật thông tin tài khoản và đổi mật khẩu chung nữa mà tách chúng ta để ở trang trượt như tôi đã nói, bỏ nút liên hệ góp ý và chia sẻ ứng dụng ở ngoài trang home rồi đưa chúng vào góc bên phải dưới cùng của cái trang trượt này, bạn giúp tôi thiết kế layout chúng sao nhìn cho đẹp và chuyên nghiệp nha'"
"app/src/main/res/drawable/bg_header_gradient.xml","D:\Study\MOPR\app\src\main\res\drawable\bg_header_gradient.xml","C:\Users\ADMIN\AppData\Roaming\Code\User\History\9fed295\qI2q.xml","2026-03-15 21:01:03","Chat Edit: 'bắt đầu hết đi'"
"app/src/main/res/drawable/bg_home_tile.xml","D:\Study\MOPR\app\src\main\res\drawable\bg_home_tile.xml","C:\Users\ADMIN\AppData\Roaming\Code\User\History\-4c9fae7f\xzZt.xml","2026-03-24 23:15:08","Chat Edit: 'tôi tính sẽ refactor lại hết app để build clone theo app này, bạn nghiên cứu kĩ thử nhé'"
"app/src/main/res/drawable/bg_icon_circle_green.xml","D:\Study\MOPR\app\src\main\res\drawable\bg_icon_circle_green.xml","C:\Users\ADMIN\AppData\Roaming\Code\User\History\3c3ce44d\ek1b.xml","2026-03-15 21:01:03","Chat Edit: 'bắt đầu hết đi'"
"app/src/main/res/drawable/bg_icon_circle_orange.xml","D:\Study\MOPR\app\src\main\res\drawable\bg_icon_circle_orange.xml","C:\Users\ADMIN\AppData\Roaming\Code\User\History\213236d6\ECU2.xml","2026-03-15 21:01:03","Chat Edit: 'bắt đầu hết đi'"
"app/src/main/res/drawable/bg_icon_circle_red.xml","D:\Study\MOPR\app\src\main\res\drawable\bg_icon_circle_red.xml","C:\Users\ADMIN\AppData\Roaming\Code\User\History\-3f32b4e5\sCHB.xml","2026-03-15 21:01:03","Chat Edit: 'bắt đầu hết đi'"
"app/src/main/res/drawable/bg_icon_circle.xml","D:\Study\MOPR\app\src\main\res\drawable\bg_icon_circle.xml","C:\Users\ADMIN\AppData\Roaming\Code\User\History\778b2c49\2beC.xml","2026-03-15 21:01:03","Chat Edit: 'bắt đầu hết đi'"
"app/src/main/res/drawable/bg_input_disabled.xml","D:\Study\MOPR\app\src\main\res\drawable\bg_input_disabled.xml","C:\Users\ADMIN\AppData\Roaming\Code\User\History\1f798f0\SiCx.xml","2026-03-27 22:42:34","Chat Edit: 'đây là screenshot của trang tạo hợp đồng bên phòng trống và xem hợp bên phòng đang thuê, xem kĩ và hoàn thiện tất cả giúp tôi, cơ bản vẫn chỉ là CRUD nhưng tôi muốn mọi thứ phải đồng bộ và dữ liệu phải mượt mà tăng trải nghiệm người dùng'"
"app/src/main/res/drawable/bg_input_rounded.xml","D:\Study\MOPR\app\src\main\res\drawable\bg_input_rounded.xml","C:\Users\ADMIN\AppData\Roaming\Code\User\History\2f18d4ab\uFpF.xml","2026-03-27 22:42:34","Chat Edit: 'đây là screenshot của trang tạo hợp đồng bên phòng trống và xem hợp bên phòng đang thuê, xem kĩ và hoàn thiện tất cả giúp tôi, cơ bản vẫn chỉ là CRUD nhưng tôi muốn mọi thứ phải đồng bộ và dữ liệu phải mượt mà tăng trải nghiệm người dùng'"
"app/src/main/res/drawable/bg_manager_badge.xml","D:\Study\MOPR\app\src\main\res\drawable\bg_manager_badge.xml","C:\Users\ADMIN\AppData\Roaming\Code\User\History\2d2d3184\Z24x.xml","2026-03-28 00:29:58","Chat Edit: 'tôi nghĩ thêm icon hay gì gì đó đi cho gọn với đẹp mắt hơn là để nguyên chữ Quản lí'"
"app/src/main/res/drawable/bg_menu_item_ripple.xml","D:\Study\MOPR\app\src\main\res\drawable\bg_menu_item_ripple.xml","C:\Users\ADMIN\AppData\Roaming\Code\User\History\2c39389b\JggO.xml","2026-03-28 01:59:06","Chat Edit: 'tôi muốn ở trang home, cái icon user ở trên góc phải click vào sẽ mở ra cái trang trượt sang trái như trong ảnh tôi gửi bạn xem, trong cái trang trượt này tôi muốn thiết kế ở trên sẽ là icon và thông tin người dùng (kiểu avatar đã được upload lên, tên tài khoản,... ) và phía dưới có nút sửa thông tin, dưới nút sửa thông tin sẽ là nút đổi mật khẩu, tức là trong trang chỉnh sửa tài khoản hiện tại sẽ không để chung cập nhật thông tin tài khoản và đổi mật khẩu chung nữa mà tách chúng ta để ở trang trượt như tôi đã nói, bỏ nút liên hệ góp ý và chia sẻ ứng dụng ở ngoài trang home rồi đưa chúng vào góc bên phải dưới cùng của cái trang trượt này, bạn giúp tôi thiết kế layout chúng sao nhìn cho đẹp và chuyên nghiệp nha'"
"app/src/main/res/drawable/bg_month_filter_chip.xml","D:\Study\MOPR\app\src\main\res\drawable\bg_month_filter_chip.xml","C:\Users\ADMIN\AppData\Roaming\Code\User\History\1833a7e7\TVgP.xml","2026-04-02 06:38:10","Chat Edit: 'tôi muốn đổi cái menu chọn tháng năm bên trang hoá đơn, bạn giúp tôi làm giao diện thật đẹp nhé'"
"app/src/main/res/drawable/bg_month_picker_header.xml","D:\Study\MOPR\app\src\main\res\drawable\bg_month_picker_header.xml","C:\Users\ADMIN\AppData\Roaming\Code\User\History\-6cbf8dae\MJYo.xml","2026-04-02 06:38:13","Chat Edit: 'tôi muốn đổi cái menu chọn tháng năm bên trang hoá đơn, bạn giúp tôi làm giao diện thật đẹp nhé'"
"app/src/main/res/drawable/bg_notification_badge.xml","D:\Study\MOPR\app\src\main\res\drawable\bg_notification_badge.xml","C:\Users\ADMIN\AppData\Roaming\Code\User\History\7e76b2ee\vnZD.xml","2026-04-09 03:40:35","Chat Edit: 'Phạm vi người được chat:
tenant trong room đều chat được, sẽ có chat riêng user và chat cả phòng, cả căn nhà.
Kiểu tin nhắn:
Chỉ cần text trước thôi
SLA thông báo:
push notification hệ thống (FCM) luôn nhé
Chính sách lưu trữ:
Tin nhắn giữ vĩnh viễn. đó sẽ là những câu trả lời của tôi, bạn nghiên cứu và thực hiện thật kĩ từng phase từng phase nhé'"
"app/src/main/res/drawable/bg_room_icon.xml","D:\Study\MOPR\app\src\main\res\drawable\bg_room_icon.xml","C:\Users\ADMIN\AppData\Roaming\Code\User\History\221e8d50\g04i.xml","2026-03-27 23:54:39","Chat Edit: 'sửa giúp tôi cái phía trên nó đang bị vỡ layout, với cho cái icon ảnh phòng nhỏ nhỏ sát bên cái số phòng trong list phòng nhìn cho đẹp hơn'"
"app/src/main/res/drawable/bg_room_placeholder.xml","D:\Study\MOPR\app\src\main\res\drawable\bg_room_placeholder.xml","C:\Users\ADMIN\AppData\Roaming\Code\User\History\-600f9ed2\GC8n.xml","2026-04-08 03:52:07","Chat Edit: 'tôi thấy card này chưa ổn lắm, nếu mà làm card to vậy thì phải để card hiển thị thêm các thông tin của phòng như những thông tin khi tạo phòng, nút chức năng để show sửa xoá phòng nên để chỗ góc dưới bên phải cho dễ thấy và thao tác và tôi đang thấy là ảnh phòng sẽ hơi bị bè ngang quá, tôi nghĩ bạn nên thiết kết lại khung ảnh sao cho hợp lí và đổi giúp tôi tất cả ảnh mặc định của phòng khi chưa thêm ảnh phòng là một ảnh đẹp hơn ảnh màu xám nhìn hơi bị android cổ đó quá'"
"app/src/main/res/drawable/custome_edittext.xml","D:\Study\MOPR\app\src\main\res\drawable\custome_edittext.xml","C:\Users\ADMIN\AppData\Roaming\Code\User\History\-30b87311\e8FS.xml","2026-03-28 05:53:46","Chat Edit: 'kiểm tra xem các chức năng còn hoạt động ổn không vậy, tôi bỏ vô android studio nó sửa tùm lum tôi không biết còn ổn không'"
"app/src/main/res/drawable/ic_add.xml","D:\Study\MOPR\app\src\main\res\drawable\ic_add.xml","C:\Users\ADMIN\AppData\Roaming\Code\User\History\8f999e9\hZ21.xml","2026-03-11 16:43:48","Chat Edit: 'hiện tại thì tôi chưa test được đăng nhập bên android studio, bạn có phát triển ứng dụng tiếp để tôi test được rõ ràng xem thử app với firebase đã kết nối ổn định chưa nhé'"
"app/src/main/res/drawable/ic_arrow_back.xml","D:\Study\MOPR\app\src\main\res\drawable\ic_arrow_back.xml","C:\Users\ADMIN\AppData\Roaming\Code\User\History\-630f9779\XomJ.xml","2026-03-15 21:01:03","Chat Edit: 'bắt đầu hết đi'"
"app/src/main/res/drawable/ic_arrow_right.xml","D:\Study\MOPR\app\src\main\res\drawable\ic_arrow_right.xml","C:\Users\ADMIN\AppData\Roaming\Code\User\History\56a0562e\QLT6.xml","2026-03-15 21:01:03","Chat Edit: 'bắt đầu hết đi'"
"app/src/main/res/drawable/ic_calendar.xml","D:\Study\MOPR\app\src\main\res\drawable\ic_calendar.xml","C:\Users\ADMIN\AppData\Roaming\Code\User\History\241fd028\hxBG.xml","2026-03-27 22:42:34","Chat Edit: 'đây là screenshot của trang tạo hợp đồng bên phòng trống và xem hợp bên phòng đang thuê, xem kĩ và hoàn thiện tất cả giúp tôi, cơ bản vẫn chỉ là CRUD nhưng tôi muốn mọi thứ phải đồng bộ và dữ liệu phải mượt mà tăng trải nghiệm người dùng'"
"app/src/main/res/drawable/ic_chat_bubble.xml","D:\Study\MOPR\app\src\main\res\drawable\ic_chat_bubble.xml","C:\Users\ADMIN\AppData\Roaming\Code\User\History\5203949b\MBBk.xml","2026-04-09 03:40:35","Chat Edit: 'Phạm vi người được chat:
tenant trong room đều chat được, sẽ có chat riêng user và chat cả phòng, cả căn nhà.
Kiểu tin nhắn:
Chỉ cần text trước thôi
SLA thông báo:
push notification hệ thống (FCM) luôn nhé
Chính sách lưu trữ:
Tin nhắn giữ vĩnh viễn. đó sẽ là những câu trả lời của tôi, bạn nghiên cứu và thực hiện thật kĩ từng phase từng phase nhé'"
"app/src/main/res/drawable/ic_delete.xml","D:\Study\MOPR\app\src\main\res\drawable\ic_delete.xml","C:\Users\ADMIN\AppData\Roaming\Code\User\History\74a01855\JCKn.xml","2026-03-11 16:43:55","Chat Edit: 'hiện tại thì tôi chưa test được đăng nhập bên android studio, bạn có phát triển ứng dụng tiếp để tôi test được rõ ràng xem thử app với firebase đã kết nối ổn định chưa nhé'"
"app/src/main/res/drawable/ic_directions.xml","D:\Study\MOPR\app\src\main\res\drawable\ic_directions.xml","C:\Users\ADMIN\AppData\Roaming\Code\User\History\-e2aa982\vESL.xml","2026-03-17 22:09:35","Chat Edit: 'tiếp tục đi'"
"app/src/main/res/drawable/ic_edit.xml","D:\Study\MOPR\app\src\main\res\drawable\ic_edit.xml","C:\Users\ADMIN\AppData\Roaming\Code\User\History\-3e007a8c\vsB7.xml","2026-03-16 12:02:40","Chat Edit: 'thêm tính năng chỉnh sửa thông tin trong các trang xem thông tin cho đủ các tính năng CRUD, và cải thiện thêm UI/UX cho tốt'"
"app/src/main/res/drawable/ic_email.xml","D:\Study\MOPR\app\src\main\res\drawable\ic_email.xml","C:\Users\ADMIN\AppData\Roaming\Code\User\History\6e2ccba4\q0Ss.xml","2026-03-15 21:01:03","Chat Edit: 'bắt đầu hết đi'"
"app/src/main/res/drawable/ic_expand_less.xml","D:\Study\MOPR\app\src\main\res\drawable\ic_expand_less.xml","C:\Users\ADMIN\AppData\Roaming\Code\User\History\296297e6\E7Qo.xml","2026-03-27 22:42:34","Chat Edit: 'đây là screen trong trang Quản lí nhà, phòng, hợp đồng đầu tiên ngoài home, bạn xem kĩ đã giống với hiện tại đang có chưa, cứ code từ từ cho giống người ta nha, hoàn thiện xong tôi gửi tiếp screen cho code tiếp'"
"app/src/main/res/drawable/ic_expand_more.xml","D:\Study\MOPR\app\src\main\res\drawable\ic_expand_more.xml","C:\Users\ADMIN\AppData\Roaming\Code\User\History\-60380c5e\xQsZ.xml","2026-03-27 22:42:34","Chat Edit: 'đây là screen trong trang Quản lí nhà, phòng, hợp đồng đầu tiên ngoài home, bạn xem kĩ đã giống với hiện tại đang có chưa, cứ code từ từ cho giống người ta nha, hoàn thiện xong tôi gửi tiếp screen cho code tiếp'"
"app/src/main/res/drawable/ic_expense.xml","D:\Study\MOPR\app\src\main\res\drawable\ic_expense.xml","C:\Users\ADMIN\AppData\Roaming\Code\User\History\430cea0\THtq.xml","2026-03-28 01:59:08","Chat Edit: 'rồi giờ thêm giúp tôi cái nút góp ý đó thành nút liên hệ, góp để người dùng liên hệ với nhà phát triển, bỏ giúp tôi cái nút sao lưu, phục hồi dữ liệu ở ngoài trang home luôn đi vì app sử dụng tài khoản đăng nhập rồi nên dữ liệu sẽ được lưu hết trên tài khoản, giờ chỉ còn lại 4 cái item chính ngoài trang home, giờ bạn thiết kế tiếp sao cho trang home thật sinh động và đẹp với 4 cái item đó nha, phải thật độc đáo lên nhé'"
"app/src/main/res/drawable/ic_favorite_border.xml","D:\Study\MOPR\app\src\main\res\drawable\ic_favorite_border.xml","C:\Users\ADMIN\AppData\Roaming\Code\User\History\-fa36c09\QnfD.xml","2026-03-17 22:59:16",
"app/src/main/res/drawable/ic_favorite_filled.xml","D:\Study\MOPR\app\src\main\res\drawable\ic_favorite_filled.xml","C:\Users\ADMIN\AppData\Roaming\Code\User\History\7f0d422d\iNNs.xml","2026-03-17 22:09:35","Chat Edit: 'tiếp tục đi'"
"app/src/main/res/drawable/ic_feedback.xml","D:\Study\MOPR\app\src\main\res\drawable\ic_feedback.xml","C:\Users\ADMIN\AppData\Roaming\Code\User\History\-2db8bb11\3j4d.xml","2026-03-28 01:59:06","Chat Edit: 'tôi muốn ở trang home, cái icon user ở trên góc phải click vào sẽ mở ra cái trang trượt sang trái như trong ảnh tôi gửi bạn xem, trong cái trang trượt này tôi muốn thiết kế ở trên sẽ là icon và thông tin người dùng (kiểu avatar đã được upload lên, tên tài khoản,... ) và phía dưới có nút sửa thông tin, dưới nút sửa thông tin sẽ là nút đổi mật khẩu, tức là trong trang chỉnh sửa tài khoản hiện tại sẽ không để chung cập nhật thông tin tài khoản và đổi mật khẩu chung nữa mà tách chúng ta để ở trang trượt như tôi đã nói, bỏ nút liên hệ góp ý và chia sẻ ứng dụng ở ngoài trang home rồi đưa chúng vào góc bên phải dưới cùng của cái trang trượt này, bạn giúp tôi thiết kế layout chúng sao nhìn cho đẹp và chuyên nghiệp nha'"
"app/src/main/res/drawable/ic_history.xml","D:\Study\MOPR\app\src\main\res\drawable\ic_history.xml","C:\Users\ADMIN\AppData\Roaming\Code\User\History\79db6cdc\tVd2.xml","2026-03-28 01:59:08","Chat Edit: 'trong trang trượt, phía dưới thông tin người dùng và phía trên nút sửa thông tin làm giúp tôi nút lịch sử cho thuê để vào trang lịch sử cho thuê, trang này tôi muốn làm để người dùng xem lại các khách hàng đã cho thuê, kiểu lưu log lại á, thuê vào ngày nào tháng nào, thời gian thuê đồ này kia, nói chung có thể tối ưu thông tin gì để hiển thị được thì bạn nhét vào hết giúp tôi để người dùng có thể xem được trực quan nhé, kiểu lúc tạo hợp đồng xong rồi mới tính nha, tại tôi thấy khi kết thúc hợp đồng thì phòng đó chuyển vào phòng trống và mất hết thông tin cũ của người thuê trước đó á, bạn đọc kĩ và hiểu ý tôi chứ'"
"app/src/main/res/drawable/ic_house.xml","D:\Study\MOPR\app\src\main\res\drawable\ic_house.xml","C:\Users\ADMIN\AppData\Roaming\Code\User\History\2d66e528\W6pP.xml","2026-03-28 01:59:08","Chat Edit: 'rồi giờ thêm giúp tôi cái nút góp ý đó thành nút liên hệ, góp để người dùng liên hệ với nhà phát triển, bỏ giúp tôi cái nút sao lưu, phục hồi dữ liệu ở ngoài trang home luôn đi vì app sử dụng tài khoản đăng nhập rồi nên dữ liệu sẽ được lưu hết trên tài khoản, giờ chỉ còn lại 4 cái item chính ngoài trang home, giờ bạn thiết kế tiếp sao cho trang home thật sinh động và đẹp với 4 cái item đó nha, phải thật độc đáo lên nhé'"
"app/src/main/res/drawable/ic_id_card.xml","D:\Study\MOPR\app\src\main\res\drawable\ic_id_card.xml","C:\Users\ADMIN\AppData\Roaming\Code\User\History\-17bae804\Bjy7.xml","2026-03-27 22:42:34","Chat Edit: 'đây là screenshot của trang tạo hợp đồng bên phòng trống và xem hợp bên phòng đang thuê, xem kĩ và hoàn thiện tất cả giúp tôi, cơ bản vẫn chỉ là CRUD nhưng tôi muốn mọi thứ phải đồng bộ và dữ liệu phải mượt mà tăng trải nghiệm người dùng'"
"app/src/main/res/drawable/ic_invoice.xml","D:\Study\MOPR\app\src\main\res\drawable\ic_invoice.xml","C:\Users\ADMIN\AppData\Roaming\Code\User\History\317ed6f5\r23w.xml","2026-03-28 01:59:08","Chat Edit: 'rồi giờ thêm giúp tôi cái nút góp ý đó thành nút liên hệ, góp để người dùng liên hệ với nhà phát triển, bỏ giúp tôi cái nút sao lưu, phục hồi dữ liệu ở ngoài trang home luôn đi vì app sử dụng tài khoản đăng nhập rồi nên dữ liệu sẽ được lưu hết trên tài khoản, giờ chỉ còn lại 4 cái item chính ngoài trang home, giờ bạn thiết kế tiếp sao cho trang home thật sinh động và đẹp với 4 cái item đó nha, phải thật độc đáo lên nhé'"
"app/src/main/res/drawable/ic_lock.xml","D:\Study\MOPR\app\src\main\res\drawable\ic_lock.xml","C:\Users\ADMIN\AppData\Roaming\Code\User\History\-2baf9beb\JJ6j.xml","2026-03-28 01:59:06","Chat Edit: 'tôi muốn ở trang home, cái icon user ở trên góc phải click vào sẽ mở ra cái trang trượt sang trái như trong ảnh tôi gửi bạn xem, trong cái trang trượt này tôi muốn thiết kế ở trên sẽ là icon và thông tin người dùng (kiểu avatar đã được upload lên, tên tài khoản,... ) và phía dưới có nút sửa thông tin, dưới nút sửa thông tin sẽ là nút đổi mật khẩu, tức là trong trang chỉnh sửa tài khoản hiện tại sẽ không để chung cập nhật thông tin tài khoản và đổi mật khẩu chung nữa mà tách chúng ta để ở trang trượt như tôi đã nói, bỏ nút liên hệ góp ý và chia sẻ ứng dụng ở ngoài trang home rồi đưa chúng vào góc bên phải dưới cùng của cái trang trượt này, bạn giúp tôi thiết kế layout chúng sao nhìn cho đẹp và chuyên nghiệp nha'"
"app/src/main/res/drawable/ic_logout_real.xml","D:\Study\MOPR\app\src\main\res\drawable\ic_logout_real.xml","C:\Users\ADMIN\AppData\Roaming\Code\User\History\5db75c7b\xciK.xml","2026-03-15 21:01:03","Chat Edit: 'bắt đầu hết đi'"
"app/src/main/res/drawable/ic_logout.xml","D:\Study\MOPR\app\src\main\res\drawable\ic_logout.xml","C:\Users\ADMIN\AppData\Roaming\Code\User\History\-12475f4c\1wQr.xml","2026-03-15 21:01:03","Chat Edit: 'bắt đầu hết đi'"
"app/src/main/res/drawable/ic_more_vert_white.xml","D:\Study\MOPR\app\src\main\res\drawable\ic_more_vert_white.xml","C:\Users\ADMIN\AppData\Roaming\Code\User\History\-7c697073\QzOK.xml","2026-04-08 04:24:54","Chat Edit: 'sao chữ quản lí hiện loạn trên header vậy, đọc kĩ các file chưa, bạn đang bị sai tên quản lí với tên nhà với tên chủ nhà đó, dòng quản lí thì bỏ chữ Quản lí: sát tên quản lí đi, phía trên góc phải ở header đang chưa hiển thị nút dấu ba chấm, kiểm tra thật kĩ lại xem nào'"
"app/src/main/res/drawable/ic_more_vert.xml","D:\Study\MOPR\app\src\main\res\drawable\ic_more_vert.xml","C:\Users\ADMIN\AppData\Roaming\Code\User\History\f3038e3\DXSV.xml","2026-03-27 22:42:34","Chat Edit: 'đây là screen trong trang Quản lí nhà, phòng, hợp đồng đầu tiên ngoài home, bạn xem kĩ đã giống với hiện tại đang có chưa, cứ code từ từ cho giống người ta nha, hoàn thiện xong tôi gửi tiếp screen cho code tiếp'"
"app/src/main/res/drawable/ic_phone.xml","D:\Study\MOPR\app\src\main\res\drawable\ic_phone.xml","C:\Users\ADMIN\AppData\Roaming\Code\User\History\-4d8b7b8a\REr7.xml","2026-03-15 21:01:03","Chat Edit: 'bắt đầu hết đi'"
"app/src/main/res/drawable/ic_print.xml","D:\Study\MOPR\app\src\main\res\drawable\ic_print.xml","C:\Users\ADMIN\AppData\Roaming\Code\User\History\-7b51bdcb\5Nsd.xml","2026-03-28 04:57:40","Chat Edit: 'được làm thêm màn preview pdf đi cho giống style tôi gửi'"
"app/src/main/res/drawable/ic_profile.xml","D:\Study\MOPR\app\src\main\res\drawable\ic_profile.xml","C:\Users\ADMIN\AppData\Roaming\Code\User\History\6f777f71\bRBZ.xml","2026-03-15 21:01:03","Chat Edit: 'bắt đầu hết đi'"
"app/src/main/res/drawable/ic_report.xml","D:\Study\MOPR\app\src\main\res\drawable\ic_report.xml","C:\Users\ADMIN\AppData\Roaming\Code\User\History\7e90fb5e\h2Ev.xml","2026-03-28 01:59:08","Chat Edit: 'rồi giờ thêm giúp tôi cái nút góp ý đó thành nút liên hệ, góp để người dùng liên hệ với nhà phát triển, bỏ giúp tôi cái nút sao lưu, phục hồi dữ liệu ở ngoài trang home luôn đi vì app sử dụng tài khoản đăng nhập rồi nên dữ liệu sẽ được lưu hết trên tài khoản, giờ chỉ còn lại 4 cái item chính ngoài trang home, giờ bạn thiết kế tiếp sao cho trang home thật sinh động và đẹp với 4 cái item đó nha, phải thật độc đáo lên nhé'"
"app/src/main/res/drawable/language_option_selected.xml","D:\Study\MOPR\app\src\main\res\drawable\language_option_selected.xml","C:\Users\ADMIN\AppData\Roaming\Code\User\History\-7af70fd5\Vk5S.xml","2026-04-06 21:23:13","Chat Edit: 'chỉnh cho cái nút switch đó đẹp và gọn hơn đi, màu sắc đẹp hơn xíu, hiện tại vẫn nhìn rất đơn giản và chưa đẹp mắt lắm'"
"app/src/main/res/drawable/language_option_unselected.xml","D:\Study\MOPR\app\src\main\res\drawable\language_option_unselected.xml","C:\Users\ADMIN\AppData\Roaming\Code\User\History\-7b67fc7c\rRjy.xml","2026-04-06 21:23:20","Chat Edit: 'chỉnh cho cái nút switch đó đẹp và gọn hơn đi, màu sắc đẹp hơn xíu, hiện tại vẫn nhìn rất đơn giản và chưa đẹp mắt lắm'"
"app/src/main/res/drawable/language_switcher_bg.xml","D:\Study\MOPR\app\src\main\res\drawable\language_switcher_bg.xml","C:\Users\ADMIN\AppData\Roaming\Code\User\History\-16904517\8QJg.xml","2026-04-09 04:20:36","Chat Edit: 'tôi thấy là nên cho chút chuyển đổi ngôn ngữ nhỏ nhỏ lại xíu và tròn tròn thêm xíu nữa, chuyển background nút đó thành màu trắng trong suốt xíu cho dễ nhìn, còn nút thông báo cho to lên xíu'"
"app/src/main/res/layout/activity_backup_restore.xml","D:\Study\MOPR\app\src\main\res\layout\activity_backup_restore.xml","C:\Users\ADMIN\AppData\Roaming\Code\User\History\cd88a72\Q16V.xml","2026-04-04 21:35:00","Chat Edit: 'kiểm tra xem giao diện của các trang còn lại đã đồng nhất với trang đầu tiên chưa, từ header, các nút bấm, màu sắc'"
"app/src/main/res/layout/activity_change_password.xml","D:\Study\MOPR\app\src\main\res\layout\activity_change_password.xml","C:\Users\ADMIN\AppData\Roaming\Code\User\History\-1d229b45\tTrc.xml","2026-04-08 03:17:15","Chat Edit: 'chỉnh lại trang đổi mật khẩu cho giống trang quản lí tài khoản hơn đi, kiểu bỏ cái box shadow này kia'"
"app/src/main/res/layout/activity_chat_hub.xml","D:\Study\MOPR\app\src\main\res\layout\activity_chat_hub.xml","C:\Users\ADMIN\AppData\Roaming\Code\User\History\386ecc6f\hX1k.xml","2026-04-09 03:41:11","Chat Edit: 'Phạm vi người được chat:
tenant trong room đều chat được, sẽ có chat riêng user và chat cả phòng, cả căn nhà.
Kiểu tin nhắn:
Chỉ cần text trước thôi
SLA thông báo:
push notification hệ thống (FCM) luôn nhé
Chính sách lưu trữ:
Tin nhắn giữ vĩnh viễn. đó sẽ là những câu trả lời của tôi, bạn nghiên cứu và thực hiện thật kĩ từng phase từng phase nhé'"
"app/src/main/res/layout/activity_chat_room.xml","D:\Study\MOPR\app\src\main\res\layout\activity_chat_room.xml","C:\Users\ADMIN\AppData\Roaming\Code\User\History\-3fa9922d\oOGD.xml","2026-04-09 03:41:11","Chat Edit: 'Phạm vi người được chat:
tenant trong room đều chat được, sẽ có chat riêng user và chat cả phòng, cả căn nhà.
Kiểu tin nhắn:
Chỉ cần text trước thôi
SLA thông báo:
push notification hệ thống (FCM) luôn nhé
Chính sách lưu trữ:
Tin nhắn giữ vĩnh viễn. đó sẽ là những câu trả lời của tôi, bạn nghiên cứu và thực hiện thật kĩ từng phase từng phase nhé'"
"app/src/main/res/layout/activity_contract_details.xml","D:\Study\MOPR\app\src\main\res\layout\activity_contract_details.xml","C:\Users\ADMIN\AppData\Roaming\Code\User\History\28838576\vCml.xml","2026-04-04 08:58:55","Chat Edit: 'được, tiếp tục làm đi'"
"app/src/main/res/layout/activity_contract_list.xml","D:\Study\MOPR\app\src\main\res\layout\activity_contract_list.xml","C:\Users\ADMIN\AppData\Roaming\Code\User\History\65ccf39c\e4OP.xml","2026-04-04 08:31:45","Chat Edit: 'tiếp tục làm tất cả đi, có nhiêu làm hết bấy nhiêu đừng hỏi tôi lại nữa, làm đến khi nào xong thì thôi'"
"app/src/main/res/layout/activity_contract_pdf_preview.xml","D:\Study\MOPR\app\src\main\res\layout\activity_contract_pdf_preview.xml","C:\Users\ADMIN\AppData\Roaming\Code\User\History\-7d4d0551\xAco.xml","2026-04-04 09:25:15","Chat Edit: 'được, làm tiếp đi'"
"app/src/main/res/layout/activity_contract.xml","D:\Study\MOPR\app\src\main\res\layout\activity_contract.xml","C:\Users\ADMIN\AppData\Roaming\Code\User\History\-27e4700d\50Id.xml","2026-04-09 02:55:31","Chat Edit: 'hiện tại thì tôi có chỉnh sửa trong trang tạo sửa hợp đồng rằng là chỉ có các chi phí như giặt sấy, internet thì mới hiển thị ô tick đúng không, bổ sung giúp tôi thêm là nhưng cái chi phí khác mà tôi đã nhập tay thêm thì sẽ cho vào ô tick đó luôn nha cho UX tốt hơn nhé'"
"app/src/main/res/layout/activity_edit_profile.xml","D:\Study\MOPR\app\src\main\res\layout\activity_edit_profile.xml","C:\Users\ADMIN\AppData\Roaming\Code\User\History\-139029ab\UBM2.xml","2026-04-07 01:37:12","Chat Edit: 'kiểm tra cái vòng tròn bao xung quanh cái avatar ở trong trang trượt và trang quản lí tài khoản, sao tôi thấy nó chưa có được tròn lắm, kiểu bị lẹm hình vuông một xíu á'"
"app/src/main/res/layout/activity_expense.xml","D:\Study\MOPR\app\src\main\res\layout\activity_expense.xml","C:\Users\ADMIN\AppData\Roaming\Code\User\History\45d23fc9\6Dw3.xml","2026-04-04 08:32:44","Chat Edit: 'tiếp tục làm tất cả đi, có nhiêu làm hết bấy nhiêu đừng hỏi tôi lại nữa, làm đến khi nào xong thì thôi'"
"app/src/main/res/layout/activity_home_menu.xml","D:\Study\MOPR\app\src\main\res\layout\activity_home_menu.xml","C:\Users\ADMIN\AppData\Roaming\Code\User\History\2f8386b0\9TlV.xml","2026-04-08 06:08:42","Chat Edit: 'làm cho chữ của các card ở trang home to lên xíu, kiểu như nó đang hơi chìm, chưa được nổi bật lắm, với chữ QUẢN LÍ TRỌ ở header home nữa, chưa được nổi bật lắm'"
"app/src/main/res/layout/activity_house.xml","D:\Study\MOPR\app\src\main\res\layout\activity_house.xml","C:\Users\ADMIN\AppData\Roaming\Code\User\History\53d48c91\y5kF.xml","2026-04-04 08:35:51","Chat Edit: '@agent Continue: ""Continue to iterate?""'"
"app/src/main/res/layout/activity_invoice.xml","D:\Study\MOPR\app\src\main\res\layout\activity_invoice.xml","C:\Users\ADMIN\AppData\Roaming\Code\User\History\7320481e\5udb.xml","2026-04-09 05:40:41","Chat Edit: 'ủa giờ đâu cần nút chốt kỳ ở trong trang hoá đơn nữa đâu đúng không, với đổi lại cái picker đó là picker chỉ riêng tháng năm thôi chứ để picker ngày vào rối lắm, à với đổi tên của trang hoá đơn lại là Hoá đơn tự động cho cả ở ngoài card và ở header trong trang hoá đơn luôn nha'"
"app/src/main/res/layout/activity_join_room.xml","D:\Study\MOPR\app\src\main\res\layout\activity_join_room.xml","C:\Users\ADMIN\AppData\Roaming\Code\User\History\69341041\0NeX.xml","2026-04-08 03:27:16","Chat Edit: 'được, làm cho thật sạch và thật kĩ'"
"app/src/main/res/layout/activity_main.xml","D:\Study\MOPR\app\src\main\res\layout\activity_main.xml","C:\Users\ADMIN\AppData\Roaming\Code\User\History\5afcf51a\5H8N.xml","2026-04-04 15:27:47","Chat Edit: 'à hình như nút chuyển đổi ngôn ngữ ở trang đăng nhập bị hơi cao nên dính vào phần thanh thông báo, làm không thể click được, bạn đưa nó xuống một xíu, với design lại nút chuyển đổi này sao cho đẹp sống động hơn đi, với cho nó vào trang đăng kí luôn, khi người dùng ở trang đăng nhập và bấm vào trang đăng kí thì nút đó vẫn phải ở nguyên vị trí đó, như tôi đã muốn thì nút đó như component trong NextJS vậy đó, mấy chỗ khác dùng chung được'"
"app/src/main/res/layout/activity_meter_reading_history.xml","D:\Study\MOPR\app\src\main\res\layout\activity_meter_reading_history.xml","C:\Users\ADMIN\AppData\Roaming\Code\User\History\508c151c\4QpI.xml","2026-04-04 08:35:59","Chat Edit: '@agent Continue: ""Continue to iterate?""'"
"app/src/main/res/layout/activity_notification_center.xml","D:\Study\MOPR\app\src\main\res\layout\activity_notification_center.xml","C:\Users\ADMIN\AppData\Roaming\Code\User\History\35006d1a\In1x.xml","2026-04-09 03:41:11","Chat Edit: 'Phạm vi người được chat:
tenant trong room đều chat được, sẽ có chat riêng user và chat cả phòng, cả căn nhà.
Kiểu tin nhắn:
Chỉ cần text trước thôi
SLA thông báo:
push notification hệ thống (FCM) luôn nhé
Chính sách lưu trữ:
Tin nhắn giữ vĩnh viễn. đó sẽ là những câu trả lời của tôi, bạn nghiên cứu và thực hiện thật kĩ từng phase từng phase nhé'"
"app/src/main/res/layout/activity_org_admin.xml","D:\Study\MOPR\app\src\main\res\layout\activity_org_admin.xml","C:\Users\ADMIN\AppData\Roaming\Code\User\History\-4b01ee5b\5jf7.xml","2026-04-04 08:59:09","Chat Edit: 'được, tiếp tục làm đi'"
"app/src/main/res/layout/activity_payment_history.xml","D:\Study\MOPR\app\src\main\res\layout\activity_payment_history.xml","C:\Users\ADMIN\AppData\Roaming\Code\User\History\3ed1cd4c\Suzk.xml","2026-04-04 08:32:34","Chat Edit: 'tiếp tục làm tất cả đi, có nhiêu làm hết bấy nhiêu đừng hỏi tôi lại nữa, làm đến khi nào xong thì thôi'"
"app/src/main/res/layout/activity_profile.xml","D:\Study\MOPR\app\src\main\res\layout\activity_profile.xml","C:\Users\ADMIN\AppData\Roaming\Code\User\History\-4ee70f66\sw7M.xml","2026-04-04 08:58:45","Chat Edit: 'được, tiếp tục làm đi'"
"app/src/main/res/layout/activity_rental_history.xml","D:\Study\MOPR\app\src\main\res\layout\activity_rental_history.xml","C:\Users\ADMIN\AppData\Roaming\Code\User\History\148a2dda\gorl.xml","2026-04-04 08:39:33","Chat Edit: 'kiểm tra kĩ xem còn nữa không và làm tiếp đi'"
"app/src/main/res/layout/activity_revenue.xml","D:\Study\MOPR\app\src\main\res\layout\activity_revenue.xml","C:\Users\ADMIN\AppData\Roaming\Code\User\History\3100398d\dbYM.xml","2026-04-04 08:47:19","Chat Edit: 'cứ tiếp tục làm đi'"
"app/src/main/res/layout/activity_room_details.xml","D:\Study\MOPR\app\src\main\res\layout\activity_room_details.xml","C:\Users\ADMIN\AppData\Roaming\Code\User\History\7f25abbf\1cUm.xml","2026-04-09 02:32:18","Chat Edit: 'được bạn phát triển giúp tôi trang đó nha, nhìn kiểu UI giống trang lịch sử cho thuê là được, bắt đầu làm từ từ cẩn thận và kĩ lưỡng nhé'"
"app/src/main/res/layout/activity_room.xml","D:\Study\MOPR\app\src\main\res\layout\activity_room.xml","C:\Users\ADMIN\AppData\Roaming\Code\User\History\51290f3c\BKFy.xml","2026-04-04 08:40:31","Chat Edit: 'kiểm tra kĩ xem còn nữa không và làm tiếp đi'"
"app/src/main/res/layout/activity_sign_up.xml","D:\Study\MOPR\app\src\main\res\layout\activity_sign_up.xml","C:\Users\ADMIN\AppData\Roaming\Code\User\History\75104d4e\MR6t.xml","2026-04-04 15:28:38","Chat Edit: 'à hình như nút chuyển đổi ngôn ngữ ở trang đăng nhập bị hơi cao nên dính vào phần thanh thông báo, làm không thể click được, bạn đưa nó xuống một xíu, với design lại nút chuyển đổi này sao cho đẹp sống động hơn đi, với cho nó vào trang đăng kí luôn, khi người dùng ở trang đăng nhập và bấm vào trang đăng kí thì nút đó vẫn phải ở nguyên vị trí đó, như tôi đã muốn thì nút đó như component trong NextJS vậy đó, mấy chỗ khác dùng chung được'"
"app/src/main/res/layout/activity_tenant_menu.xml","D:\Study\MOPR\app\src\main\res\layout\activity_tenant_menu.xml","C:\Users\ADMIN\AppData\Roaming\Code\User\History\3490b545\2g7W.xml","2026-04-09 03:39:25","Chat Edit: 'Phạm vi người được chat:
tenant trong room đều chat được, sẽ có chat riêng user và chat cả phòng, cả căn nhà.
Kiểu tin nhắn:
Chỉ cần text trước thôi
SLA thông báo:
push notification hệ thống (FCM) luôn nhé
Chính sách lưu trữ:
Tin nhắn giữ vĩnh viễn. đó sẽ là những câu trả lời của tôi, bạn nghiên cứu và thực hiện thật kĩ từng phase từng phase nhé'"
"app/src/main/res/layout/activity_tenant_profiles.xml","D:\Study\MOPR\app\src\main\res\layout\activity_tenant_profiles.xml","C:\Users\ADMIN\AppData\Roaming\Code\User\History\-451f5830\ZP40.xml","2026-04-09 02:45:29","Chat Edit: 'được làm luôn đi'"
"app/src/main/res/layout/activity_tenant_room_detail.xml","D:\Study\MOPR\app\src\main\res\layout\activity_tenant_room_detail.xml","C:\Users\ADMIN\AppData\Roaming\Code\User\History\-31db2dff\GB7D.xml","2026-04-08 03:28:10","Chat Edit: 'được, làm cho thật sạch và thật kĩ'"
"app/src/main/res/layout/activity_tenant.xml","D:\Study\MOPR\app\src\main\res\layout\activity_tenant.xml","C:\Users\ADMIN\AppData\Roaming\Code\User\History\533e298b\qWzI.xml","2026-04-04 08:39:39","Chat Edit: 'kiểm tra kĩ xem còn nữa không và làm tiếp đi'"
"app/src/main/res/layout/activity_tickets.xml","D:\Study\MOPR\app\src\main\res\layout\activity_tickets.xml","C:\Users\ADMIN\AppData\Roaming\Code\User\History\-42e57128\Wjx5.xml","2026-04-04 08:35:46","Chat Edit: '@agent Continue: ""Continue to iterate?""'"
"app/src/main/res/layout/bottom_sheet_deposit.xml","D:\Study\MOPR\app\src\main\res\layout\bottom_sheet_deposit.xml","C:\Users\ADMIN\AppData\Roaming\Code\User\History\-58379fb5\WYGn.xml","2026-04-04 08:52:50","Chat Edit: 'cứ tiếp tục làm đi, nhưng mà lỡ làm cái này rồi thì phải làm thêm tiếng anh cho ứng dụng có 2 ngôn ngữ chứ đúng không, vậy mới không uổng công làm mấy cái này chứ'"
"app/src/main/res/layout/bottom_sheet_fee_notification.xml","D:\Study\MOPR\app\src\main\res\layout\bottom_sheet_fee_notification.xml","C:\Users\ADMIN\AppData\Roaming\Code\User\History\-bab72d7\ojQ6.xml","2026-04-10 05:25:56","Chat Edit: 'à xem kĩ trong logic tạo hợp đồng, ví dụ tôi đã tick vào phí internet rồi mà tôi bấm xem hợp đồng thì lại không thấy ô phí đó được tick, tôi nghĩ dữ liệu chưa được ghi nhận đúng ở trang này khiến cho trang hoá đơn không nhận được dữ liệu một cách đầy đủ và chính xác với trong cái drawer pop up nhập các chỉ số thì chưa được hoàn thiện chỉnh chu lắm, bạn check xem thử về layout header về chữ này chữ kia trong ảnh tôi gửi bạn xem đi'"
"app/src/main/res/layout/dialog_add_expense.xml","D:\Study\MOPR\app\src\main\res\layout\dialog_add_expense.xml","C:\Users\ADMIN\AppData\Roaming\Code\User\History\-7c76409c\mb46.xml","2026-04-04 08:48:44","Chat Edit: 'cứ tiếp tục làm đi'"
"app/src/main/res/layout/dialog_add_invoice.xml","D:\Study\MOPR\app\src\main\res\layout\dialog_add_invoice.xml","C:\Users\ADMIN\AppData\Roaming\Code\User\History\-4f283847\9pIk.xml","2026-04-09 03:10:05","Chat Edit: 'được làm đi'"
"app/src/main/res/layout/dialog_add_payment.xml","D:\Study\MOPR\app\src\main\res\layout\dialog_add_payment.xml","C:\Users\ADMIN\AppData\Roaming\Code\User\History\-77975dee\gD7R.xml","2026-04-10 19:17:54","Chat Edit: 'mấy cái dòng chữ phương thức số tiền để làm gì vậy, bỏ 4 dòng chữ đó đi, với nếu nhập trong ghi chú rồi thì ở card hoá đơn bên ngoài nên để thêm dòng ghi chú như cũ đi, còn không có khi chú thì ẩn như hiện tại, bạn hiểu ý tôi không'"
"app/src/main/res/layout/dialog_add_room.xml","D:\Study\MOPR\app\src\main\res\layout\dialog_add_room.xml","C:\Users\ADMIN\AppData\Roaming\Code\User\History\2d542d81\0f5N.xml","2026-04-08 05:08:10","Chat Edit: 'được làm kiểu đó đi, nó sẽ giải quyết được vấn đề khoảng cách giữa các ô nhập liệu bị tăng lên đúng không, với chỉnh lại giúp tôi các cái ô nhập liệu đang bị lôi layout như hình này, tôi nghĩ là nên để các ô này theo kiểu cũ đi'"
"app/src/main/res/layout/dialog_add_tenant.xml","D:\Study\MOPR\app\src\main\res\layout\dialog_add_tenant.xml","C:\Users\ADMIN\AppData\Roaming\Code\User\History\-2ee53570\tHw4.xml","2026-04-04 08:55:26","Chat Edit: 'được, tiếp tục làm đi'"
"app/src/main/res/layout/dialog_create_backup.xml","D:\Study\MOPR\app\src\main\res\layout\dialog_create_backup.xml","C:\Users\ADMIN\AppData\Roaming\Code\User\History\34e21d4f\KgfU.xml","2026-04-04 08:45:19","Chat Edit: '@agent Continue: ""Continue to iterate?""'"
"app/src/main/res/layout/dialog_create_house.xml","D:\Study\MOPR\app\src\main\res\layout\dialog_create_house.xml","C:\Users\ADMIN\AppData\Roaming\Code\User\History\3088d465\qwnC.xml","2026-04-08 07:34:47","Chat Edit: 'tôi nghĩ là vẫn cho giặt sấy vào tick đi, giữ còn lại rác thôi, bỏ hết các cái thang máy, tv cáp, dịch vụ chung ra khỏi tạo căn nhà luôn đi, tôi nghĩ là trường đó sẽ là những chi phí khác cho user tự nhập, nhớ là những cái chi phí khác sẽ cũng được thêm vào hợp đồng một cách chính xác đấy nhé'"
"app/src/main/res/layout/dialog_create_ticket.xml","D:\Study\MOPR\app\src\main\res\layout\dialog_create_ticket.xml","C:\Users\ADMIN\AppData\Roaming\Code\User\History\-16e5a267\8WJZ.xml","2026-04-04 09:08:15","Chat Edit: 'cứ làm tiếp cho hết và cho sạch sẽ đi'"
"app/src/main/res/layout/dialog_edit_bank.xml","D:\Study\MOPR\app\src\main\res\layout\dialog_edit_bank.xml","C:\Users\ADMIN\AppData\Roaming\Code\User\History\28f98bb\B7Pt.xml","2026-04-04 08:45:19","Chat Edit: '@agent Continue: ""Continue to iterate?""'"
"app/src/main/res/layout/dialog_export_invoice.xml","D:\Study\MOPR\app\src\main\res\layout\dialog_export_invoice.xml","C:\Users\ADMIN\AppData\Roaming\Code\User\History\323709aa\susd.xml","2026-04-10 19:33:30","Chat Edit: 'hiện tại trong trang hoá đơn chi tiết tôi thấy phí wifi vẫn chưa hiển thị unit đó, à với đổi tên phí wifi lại thành phí internet giúp tôi toàn chỗ những chỗ đang có trong trang hoá đơn nhé, kiểm tra xem thêm ngoài phí internet ra thì các phí khác nếu được thêm vào thì đã có unit chưa, trong hoá đơn chi tiết bỏ giúp tôi nút chụp màn hình và logic của nó luôn cho nhẹ nhé'"
"app/src/main/res/layout/dialog_finalize_meter_reading.xml","D:\Study\MOPR\app\src\main\res\layout\dialog_finalize_meter_reading.xml","C:\Users\ADMIN\AppData\Roaming\Code\User\History\3f6a38fd\9zmV.xml","2026-04-04 08:48:44","Chat Edit: 'cứ tiếp tục làm đi'"
"app/src/main/res/layout/dialog_finalize_period.xml","D:\Study\MOPR\app\src\main\res\layout\dialog_finalize_period.xml","C:\Users\ADMIN\AppData\Roaming\Code\User\History\5a45d52c\Dql4.xml","2026-04-04 08:47:56","Chat Edit: 'cứ tiếp tục làm đi'"
"app/src/main/res/layout/dialog_month_year_picker.xml","D:\Study\MOPR\app\src\main\res\layout\dialog_month_year_picker.xml","C:\Users\ADMIN\AppData\Roaming\Code\User\History\485e8ffb\V0Dj.xml","2026-04-04 08:52:50","Chat Edit: 'cứ tiếp tục làm đi, nhưng mà lỡ làm cái này rồi thì phải làm thêm tiếng anh cho ứng dụng có 2 ngôn ngữ chứ đúng không, vậy mới không uổng công làm mấy cái này chứ'"
"app/src/main/res/layout/dialog_vietqr.xml","D:\Study\MOPR\app\src\main\res\layout\dialog_vietqr.xml","C:\Users\ADMIN\AppData\Roaming\Code\User\History\6eb73ecb\HYhF.xml","2026-04-04 09:00:21","Chat Edit: 'được, tiếp tục làm đi'"
"app/src/main/res/layout/home_menu_profile_drawer.xml","D:\Study\MOPR\app\src\main\res\layout\home_menu_profile_drawer.xml","C:\Users\ADMIN\AppData\Roaming\Code\User\History\-3ebbab18\dmMP.xml","2026-04-09 04:20:43","Chat Edit: 'tôi thấy là nên cho chút chuyển đổi ngôn ngữ nhỏ nhỏ lại xíu và tròn tròn thêm xíu nữa, chuyển background nút đó thành màu trắng trong suốt xíu cho dễ nhìn, còn nút thông báo cho to lên xíu'"
"app/src/main/res/layout/home_menu_scroll_content.xml","D:\Study\MOPR\app\src\main\res\layout\home_menu_scroll_content.xml","C:\Users\ADMIN\AppData\Roaming\Code\User\History\2888ada8\yCXK.xml","2026-04-09 03:39:18","Chat Edit: 'Phạm vi người được chat:
tenant trong room đều chat được, sẽ có chat riêng user và chat cả phòng, cả căn nhà.
Kiểu tin nhắn:
Chỉ cần text trước thôi
SLA thông báo:
push notification hệ thống (FCM) luôn nhé
Chính sách lưu trữ:
Tin nhắn giữ vĩnh viễn. đó sẽ là những câu trả lời của tôi, bạn nghiên cứu và thực hiện thật kĩ từng phase từng phase nhé'"
"app/src/main/res/layout/include_language_switcher.xml","D:\Study\MOPR\app\src\main\res\layout\include_language_switcher.xml","C:\Users\ADMIN\AppData\Roaming\Code\User\History\-1dbd3bbe\VASV.xml","2026-04-09 04:20:30","Chat Edit: 'tôi thấy là nên cho chút chuyển đổi ngôn ngữ nhỏ nhỏ lại xíu và tròn tròn thêm xíu nữa, chuyển background nút đó thành màu trắng trong suốt xíu cho dễ nhìn, còn nút thông báo cho to lên xíu'"
"app/src/main/res/layout/item_backup.xml","D:\Study\MOPR\app\src\main\res\layout\item_backup.xml","C:\Users\ADMIN\AppData\Roaming\Code\User\History\-61ac83e1\1za3.xml","2026-04-04 09:08:19","Chat Edit: 'cứ làm tiếp cho hết và cho sạch sẽ đi'"
"app/src/main/res/layout/item_chat_conversation.xml","D:\Study\MOPR\app\src\main\res\layout\item_chat_conversation.xml","C:\Users\ADMIN\AppData\Roaming\Code\User\History\72cf5f7f\knDI.xml","2026-04-09 04:06:12","Chat Edit: 'được, bạn làm hết tất cả đi, nhưng nhớ là tôi chỉ đang muốn mọi thứ miễn phí thôi á'"
"app/src/main/res/layout/item_chat_message_me.xml","D:\Study\MOPR\app\src\main\res\layout\item_chat_message_me.xml","C:\Users\ADMIN\AppData\Roaming\Code\User\History\2d14ee0c\95aq.xml","2026-04-09 03:41:11","Chat Edit: 'Phạm vi người được chat:
tenant trong room đều chat được, sẽ có chat riêng user và chat cả phòng, cả căn nhà.
Kiểu tin nhắn:
Chỉ cần text trước thôi
SLA thông báo:
push notification hệ thống (FCM) luôn nhé
Chính sách lưu trữ:
Tin nhắn giữ vĩnh viễn. đó sẽ là những câu trả lời của tôi, bạn nghiên cứu và thực hiện thật kĩ từng phase từng phase nhé'"
"app/src/main/res/layout/item_chat_message_other.xml","D:\Study\MOPR\app\src\main\res\layout\item_chat_message_other.xml","C:\Users\ADMIN\AppData\Roaming\Code\User\History\5145b50e\ftFR.xml","2026-04-09 03:41:11","Chat Edit: 'Phạm vi người được chat:
tenant trong room đều chat được, sẽ có chat riêng user và chat cả phòng, cả căn nhà.
Kiểu tin nhắn:
Chỉ cần text trước thôi
SLA thông báo:
push notification hệ thống (FCM) luôn nhé
Chính sách lưu trữ:
Tin nhắn giữ vĩnh viễn. đó sẽ là những câu trả lời của tôi, bạn nghiên cứu và thực hiện thật kĩ từng phase từng phase nhé'"
"app/src/main/res/layout/item_contract_smart.xml","D:\Study\MOPR\app\src\main\res\layout\item_contract_smart.xml","C:\Users\ADMIN\AppData\Roaming\Code\User\History\231f29b9\OPPP.xml","2026-04-04 09:08:25","Chat Edit: 'cứ làm tiếp cho hết và cho sạch sẽ đi'"
"app/src/main/res/layout/item_contract.xml","D:\Study\MOPR\app\src\main\res\layout\item_contract.xml","C:\Users\ADMIN\AppData\Roaming\Code\User\History\4223326f\Ziss.xml","2026-04-04 09:04:13","Chat Edit: 'cứ làm tiếp cho hết và cho sạch sẽ đi'"
"app/src/main/res/layout/item_expense.xml","D:\Study\MOPR\app\src\main\res\layout\item_expense.xml","C:\Users\ADMIN\AppData\Roaming\Code\User\History\-74b1a233\1gIP.xml","2026-04-04 08:55:26","Chat Edit: 'được, tiếp tục làm đi'"
"app/src/main/res/layout/item_home_menu_tile.xml","D:\Study\MOPR\app\src\main\res\layout\item_home_menu_tile.xml","C:\Users\ADMIN\AppData\Roaming\Code\User\History\-527e6575\SREa.xml","2026-04-04 09:08:29","Chat Edit: 'cứ làm tiếp cho hết và cho sạch sẽ đi'"
"app/src/main/res/layout/item_house.xml","D:\Study\MOPR\app\src\main\res\layout\item_house.xml","C:\Users\ADMIN\AppData\Roaming\Code\User\History\-68f7a46b\YrvV.xml","2026-04-08 07:38:24","Chat Edit: 'được'"
"app/src/main/res/layout/item_invoice.xml","D:\Study\MOPR\app\src\main\res\layout\item_invoice.xml","C:\Users\ADMIN\AppData\Roaming\Code\User\History\-476399de\ThFV.xml","2026-04-10 19:18:49","Chat Edit: '@agent Try Again'"
"app/src/main/res/layout/item_meter_reading.xml","D:\Study\MOPR\app\src\main\res\layout\item_meter_reading.xml","C:\Users\ADMIN\AppData\Roaming\Code\User\History\-23213ab5\64V3.xml","2026-04-04 09:07:18","Chat Edit: 'cứ làm tiếp cho hết và cho sạch sẽ đi'"
"app/src/main/res/layout/item_notification.xml","D:\Study\MOPR\app\src\main\res\layout\item_notification.xml","C:\Users\ADMIN\AppData\Roaming\Code\User\History\-6864a438\0NGO.xml","2026-04-09 03:41:11","Chat Edit: 'Phạm vi người được chat:
tenant trong room đều chat được, sẽ có chat riêng user và chat cả phòng, cả căn nhà.
Kiểu tin nhắn:
Chỉ cần text trước thôi
SLA thông báo:
push notification hệ thống (FCM) luôn nhé
Chính sách lưu trữ:
Tin nhắn giữ vĩnh viễn. đó sẽ là những câu trả lời của tôi, bạn nghiên cứu và thực hiện thật kĩ từng phase từng phase nhé'"
"app/src/main/res/layout/item_org_invite.xml","D:\Study\MOPR\app\src\main\res\layout\item_org_invite.xml","C:\Users\ADMIN\AppData\Roaming\Code\User\History\12723021\qRFn.xml","2026-04-04 09:07:01","Chat Edit: 'cứ làm tiếp cho hết và cho sạch sẽ đi'"
"app/src/main/res/layout/item_org_member.xml","D:\Study\MOPR\app\src\main\res\layout\item_org_member.xml","C:\Users\ADMIN\AppData\Roaming\Code\User\History\7b185b32\G9cJ.xml","2026-04-04 09:07:06","Chat Edit: 'cứ làm tiếp cho hết và cho sạch sẽ đi'"
"app/src/main/res/layout/item_payment.xml","D:\Study\MOPR\app\src\main\res\layout\item_payment.xml","C:\Users\ADMIN\AppData\Roaming\Code\User\History\-6fd2bf85\ZIKo.xml","2026-04-04 09:07:12","Chat Edit: 'cứ làm tiếp cho hết và cho sạch sẽ đi'"
"app/src/main/res/layout/item_rental_history.xml","D:\Study\MOPR\app\src\main\res\layout\item_rental_history.xml","C:\Users\ADMIN\AppData\Roaming\Code\User\History\-11aafcaa\vu7c.xml","2026-04-04 09:04:44","Chat Edit: 'cứ làm tiếp cho hết và cho sạch sẽ đi'"
"app/src/main/res/layout/item_room.xml","D:\Study\MOPR\app\src\main\res\layout\item_room.xml","C:\Users\ADMIN\AppData\Roaming\Code\User\History\-782b048\YXM3.xml","2026-04-08 07:08:01","Chat Edit: 'căn lại cái card về như cũ đi, bạn xem hiện tại to và thừa nhiều này'"
"app/src/main/res/layout/item_tenant_card.xml","D:\Study\MOPR\app\src\main\res\layout\item_tenant_card.xml","C:\Users\ADMIN\AppData\Roaming\Code\User\History\2685567a\jE3h.xml","2026-04-04 09:04:44","Chat Edit: 'cứ làm tiếp cho hết và cho sạch sẽ đi'"
"app/src/main/res/layout/item_tenant_header.xml","D:\Study\MOPR\app\src\main\res\layout\item_tenant_header.xml","C:\Users\ADMIN\AppData\Roaming\Code\User\History\28802b37\Hys4.xml","2026-04-04 09:08:42","Chat Edit: 'cứ làm tiếp cho hết và cho sạch sẽ đi'"
"app/src/main/res/layout/item_tenant_profile_quick.xml","D:\Study\MOPR\app\src\main\res\layout\item_tenant_profile_quick.xml","C:\Users\ADMIN\AppData\Roaming\Code\User\History\1a0a345f\fXR7.xml","2026-04-09 02:45:21","Chat Edit: 'được làm luôn đi'"
"app/src/main/res/layout/item_tenant.xml","D:\Study\MOPR\app\src\main\res\layout\item_tenant.xml","C:\Users\ADMIN\AppData\Roaming\Code\User\History\76843b07\I6e7.xml","2026-04-04 09:08:42","Chat Edit: 'cứ làm tiếp cho hết và cho sạch sẽ đi'"
"app/src/main/res/layout/item_ticket.xml","D:\Study\MOPR\app\src\main\res\layout\item_ticket.xml","C:\Users\ADMIN\AppData\Roaming\Code\User\History\528bbc69\m4is.xml","2026-04-04 09:08:42","Chat Edit: 'cứ làm tiếp cho hết và cho sạch sẽ đi'"
"app/src/main/res/layout/row_additional_expense.xml","D:\Study\MOPR\app\src\main\res\layout\row_additional_expense.xml","C:\Users\ADMIN\AppData\Roaming\Code\User\History\-391f691a\Qppv.xml","2026-04-08 06:21:22","Chat Edit: 'chỉnh lại giúp tôi cái ô nhập tiền ở thêm phí khác này sao cho thêm dấu . khi lên hàng nghìn cho giống các ô nhập khác đi, nhớ làm cho đồng bộ chỗ đó, đảo lại giúp tôi ô tiền đó sẽ nằm ở trước ô chọn phân loại tính theo gì. tất cả các ô nhập liệu ở trên cũng nên học hỏi theo cách nhập của ô thêm phí khác này đi, tức tôi muốn là ô điện sẽ là nhập số tiền ở trước xong cuối là dấu / rồi sau đó là menu chọn giá trị để phân loại như thế nhưng riêng ô điện thì giá trị phân loại chỉ có kwh người phòng thôi chứ không được có những giá trị khác không liên quan, tương tự với ô nước cũng vậy, các ô khác ở dưới cũng vậy bạn hiểu ý tôi chứ'"
"app/src/main/res/layout/row_detail_info.xml","D:\Study\MOPR\app\src\main\res\layout\row_detail_info.xml","C:\Users\ADMIN\AppData\Roaming\Code\User\History\128ad028\vpwg.xml","2026-04-04 09:07:29","Chat Edit: 'cứ làm tiếp cho hết và cho sạch sẽ đi'"
"app/src/main/res/layout/widget_invoice.xml","D:\Study\MOPR\app\src\main\res\layout\widget_invoice.xml","C:\Users\ADMIN\AppData\Roaming\Code\User\History\758105d3\qqYS.xml","2026-04-04 09:07:29","Chat Edit: 'cứ làm tiếp cho hết và cho sạch sẽ đi'"
"app/src/main/res/menu/menu_contract.xml","D:\Study\MOPR\app\src\main\res\menu\menu_contract.xml","C:\Users\ADMIN\AppData\Roaming\Code\User\History\3e2c71d8\eR3o.xml","2026-04-10 03:06:32","Chat Edit: 'tôi nghĩ là nên bỏ logic cập nhật hợp đồng, tức là sửa hợp đồng đi, vì khi tạo hợp đồng rồi thì chỉnh sửa thì nó hơi kì nhỉ'"
"app/src/main/res/menu/menu_room_details.xml","D:\Study\MOPR\app\src\main\res\menu\menu_room_details.xml","C:\Users\ADMIN\AppData\Roaming\Code\User\History\-3386ecdc\mETs.xml","2026-04-08 04:24:53","Chat Edit: 'sao chữ quản lí hiện loạn trên header vậy, đọc kĩ các file chưa, bạn đang bị sai tên quản lí với tên nhà với tên chủ nhà đó, dòng quản lí thì bỏ chữ Quản lí: sát tên quản lí đi, phía trên góc phải ở header đang chưa hiển thị nút dấu ba chấm, kiểm tra thật kĩ lại xem nào'"
"app/src/main/res/raw-en/contract_template_vi.html","D:\Study\MOPR\app\src\main\res\raw-en\contract_template_vi.html","C:\Users\ADMIN\AppData\Roaming\Code\User\History\-3160d66\XvBA.html","2026-04-04 09:29:14",
"app/src/main/res/raw/contract_template_vi.html","D:\Study\MOPR\app\src\main\res\raw\contract_template_vi.html","C:\Users\ADMIN\AppData\Roaming\Code\User\History\-66de0b66\DoiE.html","2026-04-04 09:29:14",
"app/src/main/res/values-en/arrays.xml","D:\Study\MOPR\app\src\main\res\values-en\arrays.xml","C:\Users\ADMIN\AppData\Roaming\Code\User\History\20aa92cb\WA1W.xml","2026-04-04 09:14:00","Chat Edit: 'tiếp tục rà soát kĩ xem còn từ tiếng việt nào kể có dấu và không dấu nào trong code không'"
"app/src/main/res/values-en/strings.xml","D:\Study\MOPR\app\src\main\res\values-en\strings.xml","C:\Users\ADMIN\AppData\Roaming\Code\User\History\3da4ca43\2AMo.xml","2026-04-10 04:58:25","Chat Edit: 'trong card hoá đơn vẫn chưa xuất hiện các phí khác ngoài điện nước và chưa được tính tiền vào trong đó, kiểm tra thật kĩ lại luồng thử xem từ lúc tạo căn nhà, tạo hợp đồng, các dữ liệu được lưu trữ như thế nào đây, với tôi muốn đổi nút thu tiền trong card hoá đơn ở trang đã báo thành xác nhận đã thu tiền, và bên trang đã đóng đổi lại thành đã thu, việc đổi này nghe cho dễ hiểu hơn, và cho dòng tổng tạm tính:... lên trên người đại diện thuê và dưới số phòng số nhà trong card hoá đơn và cho chữ to lên nha, để user dễ thấy rõ số tiền hơn'"
"app/src/main/res/values/arrays.xml","D:\Study\MOPR\app\src\main\res\values\arrays.xml","C:\Users\ADMIN\AppData\Roaming\Code\User\History\-2ae9ba1d\RRS6.xml","2026-04-08 06:21:14","Chat Edit: 'chỉnh lại giúp tôi cái ô nhập tiền ở thêm phí khác này sao cho thêm dấu . khi lên hàng nghìn cho giống các ô nhập khác đi, nhớ làm cho đồng bộ chỗ đó, đảo lại giúp tôi ô tiền đó sẽ nằm ở trước ô chọn phân loại tính theo gì. tất cả các ô nhập liệu ở trên cũng nên học hỏi theo cách nhập của ô thêm phí khác này đi, tức tôi muốn là ô điện sẽ là nhập số tiền ở trước xong cuối là dấu / rồi sau đó là menu chọn giá trị để phân loại như thế nhưng riêng ô điện thì giá trị phân loại chỉ có kwh người phòng thôi chứ không được có những giá trị khác không liên quan, tương tự với ô nước cũng vậy, các ô khác ở dưới cũng vậy bạn hiểu ý tôi chứ'"
"app/src/main/res/values/colors.xml","D:\Study\MOPR\app\src\main\res\values\colors.xml","C:\Users\ADMIN\AppData\Roaming\Code\User\History\6a3a1f19\y41k.xml","2026-04-04 21:35:00","Chat Edit: 'bạn check kĩ giúp tôi xem logic trong trang hoá đơn đã giống với app mà tôi tính clone chưa, làm giúp tôi cho giống nhé, bỏ hai cái nút dưới góc phải hiện đang có đi, chỉnh sửa logic sao cho hợp lí đồng bộ với toàn bộ ứng dụng'"
"app/src/main/res/values/strings.xml","D:\Study\MOPR\app\src\main\res\values\strings.xml","C:\Users\ADMIN\AppData\Roaming\Code\User\History\16af7a2b\Tizh.xml","2026-04-10 19:34:51","Chat Edit: 'hiện tại trong trang hoá đơn chi tiết tôi thấy phí wifi vẫn chưa hiển thị unit đó, à với đổi tên phí wifi lại thành phí internet giúp tôi toàn chỗ những chỗ đang có trong trang hoá đơn nhé, kiểm tra xem thêm ngoài phí internet ra thì các phí khác nếu được thêm vào thì đã có unit chưa, trong hoá đơn chi tiết bỏ giúp tôi nút chụp màn hình và logic của nó luôn cho nhẹ nhé'"
"app/src/main/res/values/styles.xml","D:\Study\MOPR\app\src\main\res\values\styles.xml","C:\Users\ADMIN\AppData\Roaming\Code\User\History\25b4f18b\h1OP.xml","2026-04-07 01:37:04","Chat Edit: 'kiểm tra cái vòng tròn bao xung quanh cái avatar ở trong trang trượt và trang quản lí tài khoản, sao tôi thấy nó chưa có được tròn lắm, kiểu bị lẹm hình vuông một xíu á'"
"app/src/main/res/values/themes.xml","D:\Study\MOPR\app\src\main\res\values\themes.xml","C:\Users\ADMIN\AppData\Roaming\Code\User\History\3e17e873\jBk6.xml","2026-04-04 21:36:09","Chat Edit: 'hiện tại app tôi còn lỗi không'"
"app/src/main/res/xml/file_paths.xml","D:\Study\MOPR\app\src\main\res\xml\file_paths.xml","C:\Users\ADMIN\AppData\Roaming\Code\User\History\-1b218e07\tZp5.xml","2026-03-28 05:00:27","Chat Edit: 'ủa tôi tưởng bạn đã làm file pdf thật luôn rồi chứ, đáng số phải là file pdf thật để gửi cho khách hàng hoặc để in ra chứ'"
